,x_1,y_1,z_1,pt_id_1,radius_1,x_2,y_2,z_2,pt_id_2,radius_2,path_id,source,target,parallel_merges_per_path_id
0,4.76,5.432,2.6,62,0.1150467877295554,4.799703,5.376,2.6,63,0.1290310206060178,0,62,75,1
1,4.799703,5.376,2.6,63,0.1290310206060178,4.8138127,5.32,2.6,64,0.1335510506436989,0,62,75,1
2,4.8138127,5.32,2.6,64,0.1335510506436989,4.818078,5.208,2.6,66,0.1166959865458942,0,62,75,1
3,4.818078,5.208,2.6,66,0.1166959865458942,4.830219,5.152,2.6074073,67,0.1130159212032811,0,62,75,1
4,4.830219,5.152,2.6074073,67,0.1130159212032811,4.8577814,5.096,2.6296296,68,0.0911250177208432,0,62,75,1
5,4.8577814,5.096,2.6296296,68,0.0911250177208432,4.8699217,5.04,2.674074,69,0.088646547399308,0,62,75,1
6,4.8699217,5.04,2.674074,69,0.088646547399308,4.872,4.984,2.725926,70,0.1095596052333427,0,62,75,1
7,4.872,4.984,2.725926,70,0.1095596052333427,4.8740783,4.928,2.7703705,71,0.1099122666844197,0,62,75,1
8,4.8740783,4.928,2.7703705,71,0.1099122666844197,4.886328,4.872,2.8,72,0.1001341444193173,0,62,75,1
9,4.886328,4.872,2.8,72,0.1001341444193173,4.915969,4.816,2.8296294,73,0.099997399565316,0,62,75,1
10,4.915969,4.816,2.8296294,73,0.099997399565316,4.942328,4.76,2.874074,74,0.1203187035579857,0,62,75,1
11,4.942328,4.76,2.874074,74,0.1203187035579857,4.9860783,4.704109,2.925926,75,0.1070323437395749,0,62,75,1
12,4.9860783,4.704109,2.925926,75,0.1070323437395749,5.040109,4.6500783,2.9703705,76,0.0783809899355866,1,75,55,0
13,5.040109,4.6500783,2.9703705,76,0.0783809899355866,5.096,4.606219,2.9925926,77,0.0906104339934406,1,75,55,0
14,5.096,4.606219,2.9925926,77,0.0906104339934406,5.1518908,4.577781,3.0074074,78,0.0988714346652114,1,75,55,0
15,5.1518908,4.577781,3.0074074,78,0.0988714346652114,5.2059216,4.5339217,3.0296295,79,0.1040171421533481,1,75,55,0
16,5.2059216,4.5339217,3.0296295,79,0.1040171421533481,5.249781,4.479891,3.074074,80,0.1355370742032376,1,75,55,0
17,5.249781,4.479891,3.074074,80,0.1355370742032376,5.2781096,4.424,3.1333334,81,0.151877069565133,1,75,55,0
18,5.2781096,4.424,3.1333334,81,0.151877069565133,5.32,4.368,3.2,55,0.1234429046904867,1,75,55,0
19,4.9860783,4.704109,2.925926,75,0.1070323437395749,4.575703,4.648,3.2074075,262,0.0945741057293913,2,75,262,0
20,5.8613334,5.6373334,2.6,61,0.1231538377698175,5.9164586,5.554865,2.6,82,0.0987800565720659,3,61,60,0
21,5.9164586,5.554865,2.6,82,0.0987800565720659,5.9494896,5.489458,2.6,83,0.0889195571568993,3,61,60,0
22,5.9494896,5.489458,2.6,83,0.0889195571568993,5.994042,5.432073,2.6,84,0.0841436415185852,3,61,60,0
23,5.994042,5.432073,2.6,84,0.0841436415185852,6.0481095,5.376,2.6074073,85,0.0905002460096413,3,61,60,0
24,6.0481095,5.376,2.6074073,85,0.0905002460096413,6.104,5.32,2.637037,86,0.0990708052558028,3,61,60,0
25,6.104,5.32,2.637037,86,0.0990708052558028,6.16,5.264,2.7037036,87,0.121763031945836,3,61,60,0
26,6.16,5.264,2.7037036,87,0.121763031945836,6.216,5.208,2.8,60,0.1300322068291166,3,61,60,0
27,5.8613334,5.6373334,2.6,61,0.1231538377698175,5.778865,5.650568,2.5703704,88,0.1052980983869092,4,61,59,2
28,5.778865,5.650568,2.5703704,88,0.1052980983869092,5.713458,5.6552706,2.525926,89,0.1203526876849188,4,61,59,2
29,5.713458,5.6552706,2.525926,89,0.1203526876849188,5.6,5.656,2.4296296,91,0.1097241462794262,4,61,59,2
30,5.6,5.656,2.4296296,91,0.1097241462794262,5.544,5.6561093,2.4074073,92,0.1151949757774354,4,61,59,2
31,5.544,5.6561093,2.4074073,92,0.1151949757774354,5.488,5.658078,2.4,93,0.1130176842810831,4,61,59,2
32,5.488,5.658078,2.4,93,0.1130176842810831,5.432,5.670328,2.4,94,0.0954620729418858,4,61,59,2
33,5.432,5.670328,2.4,94,0.0954620729418858,5.376,5.699859,2.4,95,0.1036450576871502,4,61,59,2
34,5.376,5.699859,2.4,95,0.1036450576871502,5.32,5.7241406,2.4,96,0.1225380246863057,4,61,59,2
35,5.32,5.7241406,2.4,96,0.1225380246863057,5.264,5.7537813,2.4,97,0.1205941304349428,4,61,59,2
36,5.264,5.7537813,2.4,97,0.1205941304349428,5.152,5.782219,2.4,99,0.0933721904979472,4,61,59,2
37,5.152,5.782219,2.4,99,0.0933721904979472,5.096,5.8118596,2.4,100,0.1002398900912292,4,61,59,2
38,5.096,5.8118596,2.4,100,0.1002398900912292,5.04,5.8361406,2.4,101,0.1138953393283908,4,61,59,2
39,5.04,5.8361406,2.4,101,0.1138953393283908,4.984,5.865672,2.4,102,0.1170213934513518,4,61,59,2
40,4.984,5.865672,2.4,102,0.1170213934513518,4.928,5.8780313,2.4,103,0.1215960947647854,4,61,59,2
41,4.928,5.8780313,2.4,103,0.1215960947647854,4.872,5.881969,2.4,104,0.1158441478167286,4,61,59,2
42,4.872,5.881969,2.4,104,0.1158441478167286,4.816,5.894328,2.4,105,0.0944816608163439,4,61,59,2
43,4.816,5.894328,2.4,105,0.0944816608163439,4.76,5.9238596,2.4074073,106,0.1013032411605652,4,61,59,2
44,4.76,5.9238596,2.4074073,106,0.1013032411605652,4.704,5.9481406,2.4296296,107,0.1214372429635693,4,61,59,2
45,4.704,5.9481406,2.4296296,107,0.1214372429635693,4.648,5.9777813,2.474074,108,0.132133956128217,4,61,59,2
46,4.648,5.9777813,2.474074,108,0.132133956128217,4.592,5.992,2.525926,109,0.1247774183485371,4,61,59,2
47,4.592,5.992,2.525926,109,0.1247774183485371,4.536,6.006,2.5703704,110,0.103828557946168,4,61,59,2
48,4.536,6.006,2.5703704,110,0.103828557946168,4.48,6.0318127,2.5925927,111,0.098869820695954,4,61,59,2
49,4.48,6.0318127,2.5925927,111,0.098869820695954,4.424,6.033781,2.6,112,0.1074132470416767,4,61,59,2
50,4.424,6.033781,2.6,112,0.1074132470416767,4.367927,6.0203643,2.6049383,113,0.0932202390664414,4,61,59,2
51,4.367927,6.0203643,2.6049383,113,0.0932202390664414,4.3105416,6.0365887,2.6246915,114,0.1133295705676042,4,61,59,2
52,4.3105416,6.0365887,2.6246915,114,0.1133295705676042,4.2451353,6.051463,2.6691358,115,0.1257337887739609,4,61,59,2
53,4.2451353,6.051463,2.6691358,115,0.1257337887739609,4.162667,6.0666666,2.7333333,59,0.1110091073896562,4,61,59,2
54,5.8613334,5.6373334,2.6,61,0.1231538377698175,5.930568,5.706568,2.6,116,0.0884123567373167,5,61,54,2
55,5.930568,5.706568,2.6,116,0.0884123567373167,5.9912705,5.7671614,2.6,117,0.0880227275002285,5,61,54,2
56,5.9912705,5.7671614,2.6,117,0.0880227275002285,6.0479636,5.8218856,2.6074073,118,0.1101916213381081,5,61,54,2
57,6.0479636,5.8218856,2.6074073,118,0.1101916213381081,6.104,5.8657813,2.6296296,119,0.1158605266038134,5,61,54,2
58,6.104,5.8657813,2.6296296,119,0.1158605266038134,6.16,5.894219,2.674074,120,0.1197700621796335,5,61,54,2
59,6.16,5.894219,2.674074,120,0.1197700621796335,6.216,5.938078,2.7333333,121,0.1364985816595176,5,61,54,2
60,6.216,5.938078,2.7333333,121,0.1364985816595176,6.381922,6.104,2.9333334,124,0.129101550424029,5,61,54,2
61,6.381922,6.104,2.9333334,124,0.129101550424029,6.4258175,6.1600733,3.002469,125,0.1145266186534492,5,61,54,2
62,6.4258175,6.1600733,3.002469,125,0.1145266186534492,6.454948,6.2174582,3.0790124,126,0.1128537269060746,5,61,54,2
63,6.454948,6.2174582,3.0790124,126,0.1128537269060746,6.50351,6.282865,3.1679013,127,0.0971318251649651,5,61,54,2
64,6.50351,6.282865,3.1679013,127,0.0971318251649651,6.570667,6.365333,3.266667,54,0.1198367500856911,5,61,54,2
65,6.216,5.208,2.8,60,0.1300322068291166,6.272,5.168297,2.8296294,132,0.1308920995659813,6,60,48,2
66,6.272,5.168297,2.8296294,132,0.1308920995659813,6.328,5.154078,2.874074,133,0.1278280941259471,6,60,48,2
67,6.328,5.154078,2.874074,133,0.1278280941259471,6.384,5.150031,2.9333334,134,0.1252531343390479,6,60,48,2
68,6.384,5.150031,2.9333334,134,0.1252531343390479,6.44,5.137781,3.0,135,0.1190411583903981,6,60,48,2
69,6.44,5.137781,3.0,135,0.1190411583903981,6.496,5.1101093,3.0666666,136,0.1295560006933311,6,60,48,2
70,6.496,5.1101093,3.0666666,136,0.1295560006933311,6.608,5.0817814,3.2,138,0.1292477235032925,6,60,48,2
71,6.608,5.0817814,3.2,138,0.1292477235032925,6.7179217,5.025672,3.3259258,140,0.1340185972012157,6,60,48,2
72,6.7179217,5.025672,3.3259258,140,0.1340185972012157,6.761781,4.9820313,3.3777778,141,0.1351224918632942,6,60,48,2
73,6.761781,4.9820313,3.3777778,141,0.1351224918632942,6.790219,4.929969,3.4222221,142,0.1201787319376824,6,60,48,2
74,6.790219,4.929969,3.4222221,142,0.1201787319376824,6.8340783,4.886328,3.4814816,143,0.1249313171580951,6,60,48,2
75,6.8340783,4.886328,3.4814816,143,0.1249313171580951,6.888109,4.8598595,3.5555558,144,0.1151171757732877,6,60,48,2
76,6.888109,4.8598595,3.5555558,144,0.1151171757732877,6.944,4.8281407,3.6444442,145,0.1081343488925484,6,60,48,2
77,6.944,4.8281407,3.6444442,145,0.1081343488925484,7.0,4.801672,3.7185185,146,0.1214810475868508,6,60,48,2
78,7.0,4.801672,3.7185185,146,0.1214810475868508,7.056,4.7579217,3.7703705,147,0.1141124875069831,6,60,48,2
79,7.056,4.7579217,3.7703705,147,0.1141124875069831,7.112,4.704,3.8,48,0.0991770950270743,6,60,48,2
80,6.216,5.208,2.8,60,0.1300322068291166,6.16,5.152,2.8,148,0.1096699428494014,7,60,58,1
81,6.16,5.152,2.8,148,0.1096699428494014,6.0481095,5.04,2.8,150,0.0709061241774674,7,60,58,1
82,6.0481095,5.04,2.8,150,0.0709061241774674,5.994078,4.984,2.8074074,151,0.0709103835074699,7,60,58,1
83,5.994078,4.984,2.8074074,151,0.0709103835074699,5.9503284,4.928,2.8296294,152,0.1110906448130158,7,60,58,1
84,5.9503284,4.928,2.8296294,152,0.1110906448130158,5.924078,4.872,2.874074,153,0.1382719960882276,7,60,58,1
85,5.924078,4.872,2.874074,153,0.1382719960882276,5.896297,4.816,2.925926,154,0.1195935220748493,7,60,58,1
86,5.896297,4.816,2.925926,154,0.1195935220748493,5.894219,4.76,2.9703705,155,0.1301765700151065,7,60,58,1
87,5.894219,4.76,2.9703705,155,0.1301765700151065,5.907672,4.704,2.9925926,156,0.1399204521594901,7,60,58,1
88,5.907672,4.704,2.9925926,156,0.1399204521594901,5.892031,4.648,3.0,157,0.1205826994487598,7,60,58,1
89,5.892031,4.648,3.0,157,0.1205826994487598,5.88,4.592,3.0,58,0.0926768633742718,7,60,58,1
90,4.162667,6.0666666,2.7333333,59,0.1110091073896562,4.09551,6.149135,2.6987655,128,0.1072851429427447,8,59,57,0
91,4.09551,6.149135,2.6987655,128,0.1072851429427447,4.0469117,6.214578,2.7037036,129,0.0956150026600214,8,59,57,0
92,4.0469117,6.214578,2.7037036,129,0.0956150026600214,4.0170884,6.2726564,2.7555556,130,0.069653702064302,8,59,57,0
93,4.0170884,6.2726564,2.7555556,130,0.069653702064302,3.96849,6.333432,2.8395061,131,0.0792025157000736,8,59,57,0
94,3.96849,6.333432,2.8395061,131,0.0792025157000736,3.901333,6.402667,2.9333334,57,0.1354701023293873,8,59,57,0
95,4.162667,6.0666666,2.7333333,59,0.1110091073896562,4.1076508,5.997432,2.7950616,158,0.1169653267187024,9,59,51,1
96,4.1076508,5.997432,2.7950616,158,0.1169653267187024,4.0442863,5.8800364,2.9234567,160,0.1182739784418105,9,59,51,1
97,4.0442863,5.8800364,2.9234567,160,0.1182739784418105,4.0198593,5.824,2.9703705,161,0.1128044426674955,9,59,51,1
98,4.0198593,5.824,2.9703705,161,0.1128044426674955,3.9902186,5.768,2.9925926,162,0.1251834690371759,9,59,51,1
99,3.9902186,5.768,2.9925926,162,0.1251834690371759,3.9758906,5.712,3.0074074,163,0.1203748721220075,9,59,51,1
100,3.9758906,5.712,3.0074074,163,0.1203748721220075,3.9596667,5.655964,3.0395062,164,0.1090787643826306,9,59,51,1
101,3.9596667,5.655964,3.0395062,164,0.1090787643826306,3.9170833,5.599271,3.1234567,165,0.1094548499561171,9,59,51,1
102,3.9170833,5.599271,3.1234567,165,0.1094548499561171,3.8584585,5.538568,3.271605,166,0.0620824928723129,9,59,51,1
103,3.8584585,5.538568,3.271605,166,0.0620824928723129,3.789333,5.469333,3.4666667,51,0.0955384926415176,9,59,51,1
104,6.570667,6.365333,3.266667,54,0.1198367500856911,6.501432,6.434568,3.2271607,247,0.0891071584534349,10,54,56,0
105,6.501432,6.434568,3.2271607,247,0.0891071584534349,6.440729,6.4951615,3.182716,246,0.0704474220669753,10,54,56,0
106,6.440729,6.4951615,3.182716,246,0.0704474220669753,6.3840365,6.5498857,3.128395,245,0.1081678404028081,10,54,56,0
107,6.3840365,6.5498857,3.128395,245,0.1081678404028081,6.328,6.593672,3.074074,244,0.1296895809065446,10,54,56,0
108,6.328,6.593672,3.074074,244,0.1296895809065446,6.272,6.6201406,3.0296295,243,0.1301209806150814,10,54,56,0
109,6.272,6.6201406,3.0296295,243,0.1301209806150814,6.216,6.6518593,3.0074074,242,0.14325991529484,10,54,56,0
110,6.216,6.6518593,3.0074074,242,0.14325991529484,6.16,6.678219,2.9925926,241,0.1323329255802333,10,54,56,0
111,6.16,6.678219,2.9925926,241,0.1323329255802333,6.104,6.72,2.9703705,240,0.1158696254850731,10,54,56,0
112,6.104,6.72,2.9703705,240,0.1158696254850731,6.048,6.7618904,2.925926,239,0.1150624890571511,10,54,56,0
113,6.048,6.7618904,2.925926,239,0.1150624890571511,5.992,6.790219,2.874074,238,0.1199405397865856,10,54,56,0
114,5.992,6.790219,2.874074,238,0.1199405397865856,5.936,6.8340783,2.8370368,237,0.0991518796586339,10,54,56,0
115,5.936,6.8340783,2.8370368,237,0.0991518796586339,5.88,6.888109,2.8370368,236,0.0986282420378944,10,54,56,0
116,5.88,6.888109,2.8370368,236,0.0986282420378944,5.824,6.944,2.874074,235,0.1111485506560754,10,54,56,0
117,5.824,6.944,2.874074,235,0.1111485506560754,5.768,7.0,2.9333334,234,0.1125854780495585,10,54,56,0
118,5.768,7.0,2.9333334,234,0.1125854780495585,5.712,7.056,3.0,56,0.1180574601261606,10,54,56,0
119,6.570667,6.365333,3.266667,54,0.1198367500856911,6.6530256,6.420459,3.3975308,268,0.127108823256937,11,54,36,0
120,6.6530256,6.420459,3.3975308,268,0.127108823256937,6.7164636,6.4534893,3.5086417,269,0.1242566334745366,11,54,36,0
121,6.7164636,6.4534893,3.5086417,269,0.1242566334745366,6.7615986,6.4980416,3.6024692,270,0.1265105876073779,11,54,36,0
122,6.7615986,6.4980416,3.6024692,270,0.1265105876073779,6.788141,6.5521913,3.7055557,271,0.1451685550278048,11,54,36,0
123,6.788141,6.5521913,3.7055557,271,0.1451685550278048,6.8199687,6.6092577,3.85,272,0.1259524980953846,11,54,36,0
124,6.8199687,6.6092577,3.85,272,0.1259524980953846,6.8482966,6.6687303,4.0407405,273,0.1007546613795961,11,54,36,0
125,6.8482966,6.6687303,4.0407405,273,0.1007546613795961,6.902219,6.7078595,4.257407,43,0.1060065162942171,11,54,36,0
126,6.902219,6.7078595,4.257407,43,0.1060065162942171,6.971745,6.668767,4.467901,453,0.0964799563353503,11,54,36,0
127,6.971745,6.668767,4.467901,453,0.0964799563353503,7.013599,6.6099873,4.674691,454,0.1133589372415236,11,54,36,0
128,7.013599,6.6099873,4.674691,454,0.1133589372415236,7.068834,6.557514,4.89321,455,0.1142388843745837,11,54,36,0
129,7.068834,6.557514,4.89321,455,0.1142388843745837,7.149333,6.514667,5.133333,36,0.068887019688702,11,54,36,0
130,3.901333,6.402667,2.9333334,57,0.1354701023293873,3.970568,6.485135,2.8691359,181,0.1331880296574709,12,57,56,4
131,3.970568,6.485135,2.8691359,181,0.1331880296574709,4.0312705,6.550542,2.8246913,182,0.096310862176744,12,57,56,4
132,4.0312705,6.550542,2.8246913,182,0.096310862176744,4.0879636,6.607927,2.797531,183,0.0886695054493606,12,57,56,4
133,4.0879636,6.607927,2.797531,183,0.0886695054493606,4.144,6.663891,2.777778,184,0.0944322284158703,12,57,56,4
134,4.144,6.663891,2.777778,184,0.0944322284158703,4.2,6.7179217,2.7481482,185,0.110067730947382,12,57,56,4
135,4.2,6.7179217,2.7481482,185,0.110067730947382,4.256,6.761672,2.7185185,186,0.1187886518583308,12,57,56,4
136,4.256,6.761672,2.7185185,186,0.1187886518583308,4.312,6.788141,2.6814816,187,0.1183821074583481,12,57,56,4
137,4.312,6.788141,2.6814816,187,0.1183821074583481,4.368,6.81975,2.651852,188,0.113641635856194,12,57,56,4
138,4.368,6.81975,2.651852,188,0.113641635856194,4.424,6.84425,2.6222222,189,0.1054395654021561,12,57,56,4
139,4.424,6.84425,2.6222222,189,0.1054395654021561,4.48,6.87575,2.6074073,190,0.1093404224528088,12,57,56,4
140,4.48,6.87575,2.6074073,190,0.1093404224528088,4.536,6.900141,2.6,191,0.1180137006010925,12,57,56,4
141,4.536,6.900141,2.6,191,0.1180137006010925,4.592,6.929672,2.6,192,0.1131588169043829,12,57,56,4
142,4.592,6.929672,2.6,192,0.1131588169043829,4.648,6.9419217,2.6,193,0.1091407390893901,12,57,56,4
143,4.648,6.9419217,2.6,193,0.1091407390893901,4.928,6.9459686,2.6,198,0.125884614779663,12,57,56,4
144,4.928,6.9459686,2.6,198,0.125884614779663,4.984,6.9561405,2.6,199,0.1333940994290415,12,57,56,4
145,4.984,6.9561405,2.6,199,0.1333940994290415,5.04,6.9715624,2.6,200,0.1369158966211392,12,57,56,4
146,5.04,6.9715624,2.6,200,0.1369158966211392,5.096,6.95625,2.6,201,0.1356399809855995,12,57,56,4
147,5.096,6.95625,2.6,201,0.1356399809855995,5.152,6.9479375,2.6,202,0.1220216956227312,12,57,56,4
148,5.152,6.9479375,2.6,202,0.1220216956227312,5.208,6.95625,2.6,203,0.125203910781016,12,57,56,4
149,5.208,6.95625,2.6,203,0.125203910781016,5.264,6.971672,2.6,204,0.1404421036085472,12,57,56,4
150,5.264,6.971672,2.6,204,0.1404421036085472,5.32,6.9582186,2.6,205,0.1325273623515289,12,57,56,4
151,5.32,6.9582186,2.6,205,0.1325273623515289,5.376,6.9601874,2.6074073,206,0.1171265875096597,12,57,56,4
152,5.376,6.9601874,2.6074073,206,0.1171265875096597,5.432,6.9858904,2.6296296,207,0.1102332381964977,12,57,56,4
153,5.432,6.9858904,2.6296296,207,0.1102332381964977,5.488,6.997922,2.674074,208,0.1271452229416531,12,57,56,4
154,5.488,6.997922,2.674074,208,0.1271452229416531,5.544,7.0,2.7333333,209,0.1284844281074611,12,57,56,4
155,5.544,7.0,2.7333333,209,0.1284844281074611,5.6,7.0021877,2.8074074,210,0.1109088803252706,12,57,56,4
156,5.6,7.0021877,2.8074074,210,0.1109088803252706,5.656,7.016297,2.8962963,211,0.1340155681109928,12,57,56,4
157,5.656,7.016297,2.8962963,211,0.1340155681109928,5.712,7.056,3.0,56,0.1180574601261606,12,57,56,4
158,3.901333,6.402667,2.9333334,57,0.1354701023293873,3.8188648,6.375323,3.069136,167,0.1161712168196657,13,57,22,0
159,3.8188648,6.375323,3.069136,167,0.1161712168196657,3.7534583,6.342839,3.2246914,168,0.0982307564298644,13,57,22,0
160,3.7534583,6.342839,3.2246914,168,0.0982307564298644,3.6961825,6.327927,3.4049382,169,0.0872955992517326,13,57,22,0
161,3.6961825,6.327927,3.4049382,169,0.0872955992517326,3.6421876,6.311703,3.6,170,0.1066353496201634,13,57,22,0
162,3.6421876,6.311703,3.6,170,0.1066353496201634,3.600297,6.2698126,3.8,171,0.1078036822040932,13,57,22,0
163,3.600297,6.2698126,3.8,171,0.1078036822040932,3.5841093,6.2158904,4.0,172,0.1078138937489186,13,57,22,0
164,3.5841093,6.2158904,4.0,172,0.1078138937489186,3.57,6.16,4.2,173,0.0866336577777227,13,57,22,0
165,3.57,6.16,4.2,173,0.0866336577777227,3.544297,6.104,4.3925924,174,0.1028427290738366,13,57,22,0
166,3.544297,6.104,4.3925924,174,0.1028427290738366,3.5444062,6.048,4.5703707,175,0.1121858681329051,13,57,22,0
167,3.5444062,6.048,4.5703707,175,0.1121858681329051,3.5720782,5.992,4.725926,176,0.1337851758149963,13,57,22,0
168,3.5720782,5.992,4.725926,176,0.1337851758149963,3.598328,5.936,4.874074,177,0.1188907567952976,13,57,22,0
169,3.598328,5.936,4.874074,177,0.1188907567952976,3.6421328,5.8799453,5.0259256,178,0.1106547337605726,13,57,22,0
170,3.6421328,5.8799453,5.0259256,178,0.1106547337605726,3.6970937,5.8232346,5.188889,179,0.1107881291841605,13,57,22,0
171,3.6970937,5.8232346,5.188889,179,0.1107881291841605,3.757961,5.7663045,5.3481483,180,0.1274624939601639,13,57,22,0
172,3.757961,5.7663045,5.3481483,180,0.1274624939601639,3.819703,5.7310314,5.492593,32,0.1413470368863278,13,57,22,0
173,3.819703,5.7310314,5.492593,32,0.1413470368863278,3.8558517,5.7663045,5.6148148,573,0.11349267327992,13,57,22,0
174,3.8558517,5.7663045,5.6148148,573,0.11349267327992,3.8793125,5.8232346,5.7185183,574,0.1007162411594174,13,57,22,0
175,3.8793125,5.8232346,5.7185183,574,0.1007162411594174,3.9243202,5.8799453,5.822222,575,0.0619948489097015,13,57,22,0
176,3.9243202,5.8799453,5.822222,575,0.0619948489097015,3.9924064,5.936,5.948148,576,0.071502988000257,13,57,22,0
177,3.9924064,5.936,5.948148,576,0.071502988000257,4.088,5.992,6.1,22,0.0844775246776413,13,57,22,0
178,7.112,4.704,3.8,48,0.0991770950270743,7.1658125,4.76,3.8962963,365,0.1111892378395441,14,48,45,0
179,7.1658125,4.76,3.8962963,365,0.1111892378395441,7.207703,4.816,3.962963,366,0.1327366011170538,14,48,45,0
180,7.207703,4.816,3.962963,366,0.1327366011170538,7.224,4.872,3.9925926,367,0.1102222028346617,14,48,45,0
181,7.224,4.872,3.9925926,367,0.1102222028346617,7.2401876,4.928,4.007407,368,0.088748429197531,14,48,45,0
182,7.2401876,4.928,4.007407,368,0.088748429197531,7.2801094,4.984,4.0296297,369,0.0704286489452737,14,48,45,0
183,7.2801094,4.984,4.0296297,369,0.0704286489452737,7.321781,5.04,4.0740743,370,0.0993711353439557,14,48,45,0
184,7.321781,5.04,4.0740743,370,0.0993711353439557,7.348031,5.096,4.125926,371,0.0970843962722813,14,48,45,0
185,7.348031,5.096,4.125926,371,0.0970843962722813,7.3776717,5.152,4.1703706,372,0.1000677915996541,14,48,45,0
186,7.3776717,5.152,4.1703706,372,0.1000677915996541,7.389849,5.208073,4.1901236,373,0.1129505955982256,14,48,45,0
187,7.389849,5.208073,4.1901236,373,0.1129505955982256,7.390432,5.265458,4.1876545,374,0.1274585882165346,14,48,45,0
188,7.390432,5.265458,4.1876545,374,0.1274585882165346,7.381136,5.330865,4.165432,375,0.1292613262633059,14,48,45,0
189,7.381136,5.330865,4.165432,375,0.1292613262633059,7.354666,5.4133334,4.133333,45,0.0948794393400713,14,48,45,0
190,7.112,4.704,3.8,48,0.0991770950270743,7.1517034,4.648,3.8962963,376,0.1319724513764844,15,48,41,1
191,7.1517034,4.648,3.8962963,376,0.1319724513764844,7.1658125,4.592,3.962963,377,0.1446541272900454,15,48,41,1
192,7.1658125,4.592,3.962963,377,0.1446541272900454,7.1677814,4.536,3.9925926,378,0.1350324430637727,15,48,41,1
193,7.1677814,4.536,3.9925926,378,0.1350324430637727,7.1658125,4.48,4.0,379,0.112619941672612,15,48,41,1
194,7.1658125,4.48,4.0,379,0.112619941672612,7.1515937,4.424,4.0,380,0.097588354310842,15,48,41,1
195,7.1515937,4.424,4.0,380,0.097588354310842,7.109922,4.368,4.0,381,0.0897098791783919,15,48,41,1
196,7.109922,4.368,4.0,381,0.0897098791783919,7.0579686,4.312,4.007407,382,0.087911111328509,15,48,41,1
197,7.0579686,4.312,4.007407,382,0.087911111328509,7.014219,4.256,4.0296297,383,0.0970752317035597,15,48,41,1
198,7.014219,4.256,4.0296297,383,0.0970752317035597,6.985781,4.2,4.0740743,384,0.1227587074008725,15,48,41,1
199,6.985781,4.2,4.0740743,384,0.1227587074008725,6.9419217,4.144,4.125926,385,0.1084283699448135,15,48,41,1
200,6.9419217,4.144,4.125926,385,0.1084283699448135,6.8305416,4.026653,4.2419753,387,0.1012992654395831,15,48,41,1
201,6.8305416,4.026653,4.2419753,387,0.1012992654395831,6.7651353,3.9361632,4.3382716,388,0.0624884602978642,15,48,41,1
202,6.7651353,3.9361632,4.3382716,388,0.0624884602978642,6.682667,3.783111,4.4666667,41,0.0702932815911628,15,48,41,1
203,3.789333,5.469333,3.4666667,51,0.0955384926415176,3.85649,5.3868647,3.3679013,248,0.0975457439341936,16,51,262,2
204,3.85649,5.3868647,3.3679013,248,0.0975457439341936,3.905052,5.3214583,3.2864196,249,0.1222228093321705,16,51,262,2
205,3.905052,5.3214583,3.2864196,249,0.1222228093321705,3.9341824,5.264073,3.2320988,250,0.1144512257515284,16,51,262,2
206,3.9341824,5.264073,3.2320988,250,0.1144512257515284,3.9780781,5.208,3.2074075,251,0.1093330124181267,16,51,262,2
207,3.9780781,5.208,3.2074075,251,0.1093330124181267,4.0321093,5.152,3.2,252,0.1092062611416392,16,51,262,2
208,4.0321093,5.152,3.2,252,0.1092062611416392,4.144,5.040109,3.2,254,0.0946939572230032,16,51,262,2
209,4.144,5.040109,3.2,254,0.0946939572230032,4.2,4.9860783,3.2,255,0.1040483257671734,16,51,262,2
210,4.2,4.9860783,3.2,255,0.1040483257671734,4.256,4.942219,3.2,256,0.1064574084289068,16,51,262,2
211,4.256,4.942219,3.2,256,0.1064574084289068,4.312,4.913781,3.2,257,0.1046224865094271,16,51,262,2
212,4.312,4.913781,3.2,257,0.1046224865094271,4.368,4.8699217,3.2,258,0.1091715417675105,16,51,262,2
213,4.368,4.8699217,3.2,258,0.1091715417675105,4.479891,4.76,3.2,260,0.1055494646484639,16,51,262,2
214,4.479891,4.76,3.2,260,0.1055494646484639,4.5338125,4.704,3.2,261,0.093450521948751,16,51,262,2
215,4.5338125,4.704,3.2,261,0.093450521948751,4.575703,4.648,3.2074075,262,0.0945741057293913,16,51,262,2
216,3.789333,5.469333,3.4666667,51,0.0955384926415176,3.7091618,5.4804897,3.634568,310,0.116820764388509,17,51,37,0
217,3.7091618,5.4804897,3.634568,310,0.116820764388509,3.6599426,5.4729424,3.8123455,311,0.1031176680364215,17,51,37,0
218,3.6599426,5.4729424,3.8123455,311,0.1031176680364215,3.6564794,5.443995,4.002469,312,0.0788233699324175,17,51,37,0
219,3.6564794,5.443995,4.002469,312,0.0788233699324175,3.6818907,5.4176717,4.2,313,0.0858441735404345,17,51,37,0
220,3.6818907,5.4176717,4.2,313,0.0858441735404345,3.6939218,5.373922,4.3851852,314,0.1180183826359407,17,51,37,0
221,3.6939218,5.373922,4.3851852,314,0.1180183826359407,3.696,5.3198905,4.540741,315,0.124610400050606,17,51,37,0
222,3.696,5.3198905,4.540741,315,0.124610400050606,3.6980782,5.264,4.6444445,316,0.1236287690002993,17,51,37,0
223,3.6980782,5.264,4.6444445,316,0.1236287690002993,3.710328,5.208,4.7185183,317,0.1301916916657715,17,51,37,0
224,3.710328,5.208,4.7185183,317,0.1301916916657715,3.7398593,5.152,4.7777777,318,0.1234049444122296,17,51,37,0
225,3.7398593,5.152,4.7777777,318,0.1234049444122296,3.76425,5.096,4.8518515,319,0.12063087182755,17,51,37,0
226,3.76425,5.096,4.8518515,319,0.12063087182755,3.79575,5.04,4.9185185,320,0.1237316458954594,17,51,37,0
227,3.79575,5.04,4.9185185,320,0.1237316458954594,3.82025,4.984,4.9703703,321,0.1103787937957861,17,51,37,0
228,3.82025,4.984,4.9703703,321,0.1103787937957861,3.8518593,4.928,5.0,322,0.1058211257759416,17,51,37,0
229,3.8518593,4.928,5.0,322,0.1058211257759416,3.8782187,4.872,5.0296297,323,0.1122079443335061,17,51,37,0
230,3.8782187,4.872,5.0296297,323,0.1122079443335061,3.9198906,4.816,5.0740743,324,0.1174054607248108,17,51,37,0
231,3.9198906,4.816,5.0740743,324,0.1174054607248108,3.9598124,4.76,5.133333,325,0.1073309124237428,17,51,37,0
232,3.9598124,4.76,5.133333,325,0.1073309124237428,3.976,4.704,5.2,37,0.0665771558589807,17,51,37,0
233,5.712,7.056,3.0,56,0.1180574601261606,5.768,7.112,3.1259258,212,0.1158763502193899,18,56,30,1
234,5.768,7.112,3.1259258,212,0.1158763502193899,5.88,7.224,3.3555558,214,0.1058230379977593,18,56,30,1
235,5.88,7.224,3.3555558,214,0.1058230379977593,5.936,7.2798905,3.4814816,215,0.1334031581202648,18,56,30,1
236,5.936,7.2798905,3.4814816,215,0.1334031581202648,5.992,7.333703,3.6222222,216,0.1186468774235604,18,56,30,1
237,5.992,7.333703,3.6222222,216,0.1186468774235604,6.048,7.3735156,3.7703705,217,0.1210665156293575,18,56,30,1
238,6.048,7.3735156,3.7703705,217,0.1210665156293575,6.104,7.3755937,3.8888888,218,0.1510478776260493,18,56,30,1
239,6.104,7.3755937,3.8888888,218,0.1510478776260493,6.16,7.35,3.9703705,219,0.1340051167156367,18,56,30,1
240,6.16,7.35,3.9703705,219,0.1340051167156367,6.216,7.336,4.022222,220,0.1165126539262191,18,56,30,1
241,6.216,7.336,4.022222,220,0.1165126539262191,6.272,7.321891,4.0814815,221,0.1122200604150172,18,56,30,1
242,6.272,7.321891,4.0814815,221,0.1122200604150172,6.328,7.2941093,4.1555557,222,0.1209904581235957,18,56,30,1
243,6.328,7.2941093,4.1555557,222,0.1209904581235957,6.384,7.28,4.251852,223,0.115701061387573,18,56,30,1
244,6.384,7.28,4.251852,223,0.115701061387573,6.439891,7.2657814,4.3555555,224,0.1304320458256025,18,56,30,1
245,6.439891,7.2657814,4.3555555,224,0.1304320458256025,6.4939218,7.236031,4.4814816,225,0.1269077488348785,18,56,30,1
246,6.4939218,7.236031,4.4814816,225,0.1269077488348785,6.5377812,7.209672,4.622222,226,0.1187886935241292,18,56,30,1
247,6.5377812,7.209672,4.622222,226,0.1187886935241292,6.566219,7.1660314,4.7777777,227,0.1365458801772381,18,56,30,1
248,6.566219,7.1660314,4.7777777,227,0.1365458801772381,6.6100783,7.113969,4.9185185,228,0.1413897875641797,18,56,30,1
249,6.6100783,7.113969,4.9185185,228,0.1413897875641797,6.664,7.0702186,5.044444,229,0.1275700379075548,18,56,30,1
250,6.664,7.0702186,5.044444,229,0.1275700379075548,6.7179217,7.0417814,5.148148,230,0.1120350322430398,18,56,30,1
251,6.7179217,7.0417814,5.148148,230,0.1120350322430398,6.761672,6.997922,5.251852,231,0.1077770935938054,18,56,30,1
252,6.761672,6.997922,5.251852,231,0.1077770935938054,6.788031,6.9438906,5.3555555,232,0.084393820699566,18,56,30,1
253,6.788031,6.9438906,5.3555555,232,0.084393820699566,6.8177814,6.888,5.4740744,233,0.1132532729669304,18,56,30,1
254,6.8177814,6.888,5.4740744,233,0.1132532729669304,6.832,6.832,5.6,30,0.0999549635388716,18,56,30,1
255,6.832,6.832,5.6,30,0.0999549635388716,6.888,6.790219,5.6,566,0.11190142112391,19,30,36,0
256,6.888,6.790219,5.6,566,0.11190142112391,6.944,6.7638593,5.6,565,0.0999174589794917,19,30,36,0
257,6.944,6.7638593,5.6,565,0.0999174589794917,7.0,6.7321405,5.5925927,564,0.0706633080225416,19,30,36,0
258,7.0,6.7321405,5.5925927,564,0.0706633080225416,7.0558543,6.705599,5.560494,563,0.0586356115849231,19,30,36,0
259,7.0558543,6.705599,5.560494,563,0.0586356115849231,7.109083,6.660464,5.476543,562,0.0865979519425011,19,30,36,0
260,7.109083,6.660464,5.476543,562,0.0865979519425011,7.146271,6.597026,5.328395,561,0.0773390796480871,19,30,36,0
261,7.146271,6.597026,5.328395,561,0.0773390796480871,7.149333,6.514667,5.133333,36,0.068887019688702,19,30,36,0
262,6.832,6.832,5.6,30,0.0999549635388716,6.776,6.792297,5.7629633,607,0.089356675218354,20,30,26,0
263,6.776,6.792297,5.7629633,607,0.089356675218354,6.72,6.7781873,5.888889,608,0.1140041353559819,20,30,26,0
264,6.72,6.7781873,5.888889,608,0.1140041353559819,6.664,6.776109,5.962963,609,0.1193191208275089,20,30,26,0
265,6.664,6.776109,5.962963,609,0.1193191208275089,6.608,6.776,6.0,26,0.1057589487179673,20,30,26,0
266,4.575703,4.648,3.2074075,262,0.0945741057293913,4.591891,4.592,3.2296295,263,0.1103181079340314,21,262,52,0
267,4.591891,4.592,3.2296295,263,0.1103181079340314,4.606109,4.536,3.2814815,264,0.1260476277348066,21,262,52,0
268,4.606109,4.536,3.2814815,264,0.1260476277348066,4.6336718,4.48,3.3555558,265,0.1250739565607643,21,262,52,0
269,4.6336718,4.48,3.3555558,265,0.1250739565607643,4.6437345,4.424,3.4444442,266,0.118689639776908,21,262,52,0
270,4.6437345,4.424,3.4444442,266,0.118689639776908,4.6315937,4.368,3.5259259,267,0.1266874472626704,21,262,52,0
271,4.6315937,4.368,3.5259259,267,0.1266874472626704,4.592,4.312,3.6,52,0.1211063469341899,21,262,52,0
272,4.592,4.312,3.6,52,0.1211063469341899,4.648,4.270109,3.6666667,303,0.1302232078007948,22,52,53,3
273,4.648,4.270109,3.6666667,303,0.1302232078007948,4.704,4.241781,3.725926,302,0.1211841932815607,22,52,53,3
274,4.704,4.241781,3.725926,302,0.1211841932815607,4.76,4.1979218,3.7703705,301,0.0930482310080795,22,52,53,3
275,4.76,4.1979218,3.7703705,301,0.0930482310080795,4.816,4.143891,3.7851853,300,0.0907172488036044,22,52,53,3
276,4.816,4.143891,3.7851853,300,0.0907172488036044,4.872,4.0881095,3.7703705,299,0.0953348590761418,22,52,53,3
277,4.872,4.0881095,3.7703705,299,0.0953348590761418,4.928,4.0341873,3.733333,298,0.1224016864749029,22,52,53,3
278,4.928,4.0341873,3.733333,298,0.1224016864749029,4.984,3.992297,3.6962962,297,0.1278636513054138,22,52,53,3
279,4.984,3.992297,3.6962962,297,0.1278636513054138,5.04,3.9761093,3.6740742,296,0.1299316328162087,22,52,53,3
280,5.04,3.9761093,3.6740742,296,0.1299316328162087,5.096,3.9618907,3.6592593,295,0.1358712747138299,22,52,53,3
281,5.096,3.9618907,3.6592593,295,0.1358712747138299,5.152,3.9342186,3.6444447,294,0.1340955352324285,22,52,53,3
282,5.152,3.9342186,3.6444447,294,0.1340955352324285,5.208,3.9220781,3.6222222,293,0.1078348903981289,22,52,53,3
283,5.208,3.9220781,3.6222222,293,0.1078348903981289,5.264,3.92,3.6074073,292,0.0761023134609178,22,52,53,3
284,5.264,3.92,3.6074073,292,0.0761023134609178,5.32,3.9180312,3.6,291,0.0569751449681502,22,52,53,3
285,5.32,3.9180312,3.6,291,0.0569751449681502,5.376,3.9078593,3.6,290,0.057673299287805,22,52,53,3
286,5.376,3.9078593,3.6,290,0.057673299287805,5.432,3.8924375,3.6,289,0.0682144509104882,22,52,53,3
287,5.432,3.8924375,3.6,289,0.0682144509104882,5.488,3.90775,3.6,288,0.0882437736571033,22,52,53,3
288,5.488,3.90775,3.6,288,0.0882437736571033,5.544,3.9160626,3.6,287,0.1071949704585111,22,52,53,3
289,5.544,3.9160626,3.6,287,0.1071949704585111,5.6,3.9078593,3.6,286,0.1159582325630679,22,52,53,3
290,5.6,3.9078593,3.6,286,0.1159582325630679,5.656,3.8945155,3.6,285,0.1124367810620057,22,52,53,3
291,5.656,3.8945155,3.6,285,0.1124367810620057,5.712,3.9221876,3.6,284,0.1151197215448696,22,52,53,3
292,5.712,3.9221876,3.6,284,0.1151197215448696,5.768,3.962,3.6,283,0.1055939501418958,22,52,53,3
293,5.768,3.962,3.6,283,0.1055939501418958,5.824,3.9901094,3.6,282,0.0885477914960061,22,52,53,3
294,5.824,3.9901094,3.6,282,0.0885477914960061,5.936,4.0718126,3.6,280,0.0891946068613998,22,52,53,3
295,5.936,4.0718126,3.6,280,0.0891946068613998,6.048,4.1041875,3.6,278,0.1002849177937092,22,52,53,3
296,6.048,4.1041875,3.6,278,0.1002849177937092,6.16,4.1857815,3.6,276,0.1169982079580078,22,52,53,3
297,6.16,4.1857815,3.6,276,0.1169982079580078,6.216,4.2120314,3.6,275,0.1270568601755757,22,52,53,3
298,6.216,4.2120314,3.6,275,0.1270568601755757,6.272,4.241781,3.6,274,0.1477027902218249,22,52,53,3
299,6.272,4.241781,3.6,274,0.1477027902218249,6.328,4.256,3.6,53,0.1467429546103654,22,52,53,3
300,4.592,4.312,3.6,52,0.1211063469341899,4.536,4.3140783,3.725926,304,0.1156282951713575,23,52,44,0
301,4.536,4.3140783,3.725926,304,0.1156282951713575,4.48,4.3262186,3.8370368,305,0.0933320316777718,23,52,44,0
302,4.48,4.3262186,3.8370368,305,0.0933320316777718,4.424,4.3538904,3.9185185,306,0.1182100164322537,23,52,44,0
303,4.424,4.3538904,3.9185185,306,0.1182100164322537,4.367964,4.367854,3.982716,307,0.1013384183889542,23,52,44,0
304,4.367964,4.367854,3.982716,307,0.1013384183889542,4.3112707,4.3791924,4.054321,308,0.0945566578978716,23,52,44,0
305,4.3112707,4.3791924,4.054321,308,0.0945566578978716,4.250568,4.3881617,4.172839,309,0.0899335776644639,23,52,44,0
306,4.250568,4.3881617,4.172839,309,0.0899335776644639,4.181333,4.3493333,4.333333,44,0.1005702252825547,23,52,44,0
307,4.181333,4.3493333,4.333333,44,0.1005702252825547,4.250568,4.266865,4.491358,431,0.1085652068237074,24,44,17,1
308,4.250568,4.266865,4.491358,431,0.1085652068237074,4.3112707,4.2015676,4.6320987,432,0.1058225454098561,24,44,17,1
309,4.3112707,4.2015676,4.6320987,432,0.1058225454098561,4.367964,4.146151,4.745679,433,0.1060104162757596,24,44,17,1
310,4.367964,4.146151,4.745679,433,0.1060104162757596,4.4238906,4.1022186,4.8444443,434,0.1116915733335069,24,44,17,1
311,4.4238906,4.1022186,4.8444443,434,0.1116915733335069,4.477922,4.073781,4.9259257,435,0.1144083841450816,24,44,17,1
312,4.477922,4.073781,4.9259257,435,0.1144083841450816,4.5217814,4.030031,5.007407,436,0.1163894887500903,24,44,17,1
313,4.5217814,4.030031,5.007407,436,0.1163894887500903,4.5502186,3.9781876,5.1037035,437,0.1442650194795507,24,44,17,1
314,4.5502186,3.9781876,5.1037035,437,0.1442650194795507,4.594078,3.9385939,5.2370367,438,0.131819468476241,24,44,17,1
315,4.594078,3.9385939,5.2370367,438,0.131819468476241,4.6481094,3.9384844,5.4,439,0.1285927224420809,24,44,17,1
316,4.6481094,3.9384844,5.4,439,0.1285927224420809,4.76,4.015703,5.725926,441,0.1331144106122464,24,44,17,1
317,4.76,4.015703,5.725926,441,0.1331144106122464,4.816,4.029922,5.874074,442,0.1215962126934725,24,44,17,1
318,4.816,4.029922,5.874074,442,0.1215962126934725,4.8718905,4.034078,6.022222,443,0.1078593070578424,24,44,17,1
319,4.8718905,4.034078,6.022222,443,0.1078593070578424,4.925922,4.048406,6.1703706,444,0.111914077640141,24,44,17,1
320,4.925922,4.048406,6.1703706,444,0.111914077640141,4.9697814,4.0901875,6.296296,445,0.1316817745893151,24,44,17,1
321,4.9697814,4.0901875,6.296296,445,0.1316817745893151,4.9982185,4.1441092,6.4,446,0.082135366820799,24,44,17,1
322,4.9982185,4.1441092,6.4,446,0.082135366820799,5.042078,4.2,6.496296,447,0.1162604494305156,24,44,17,1
323,5.042078,4.2,6.496296,447,0.1162604494305156,5.096,4.256,6.6,17,0.0989003825961036,24,44,17,1
324,4.181333,4.3493333,4.333333,44,0.1005702252825547,4.100943,4.418568,4.506173,448,0.1342649212026087,25,44,37,1
325,4.100943,4.418568,4.506173,448,0.1342649212026087,4.047786,4.4792705,4.6395063,449,0.1166711221758735,25,44,37,1
326,4.047786,4.4792705,4.6395063,449,0.1166711221758735,3.990328,4.592,4.859259,451,0.094981724331477,25,44,37,1
327,3.990328,4.592,4.859259,451,0.094981724331477,3.9780781,4.648,5.014815,452,0.0493898734597189,25,44,37,1
328,3.9780781,4.648,5.014815,452,0.0493898734597189,3.976,4.704,5.2,37,0.0665771558589807,25,44,37,1
329,3.976,4.704,5.2,37,0.0665771558589807,4.032,4.6621094,5.362963,544,0.0933206180157118,26,37,17,1
330,4.032,4.6621094,5.362963,544,0.0933206180157118,4.088,4.6337814,5.4962964,545,0.1328013242947571,26,37,17,1
331,4.088,4.6337814,5.4962964,545,0.1328013242947571,4.143891,4.589922,5.5925927,546,0.0981304976874594,26,37,17,1
332,4.143891,4.589922,5.5925927,546,0.0981304976874594,4.1979218,4.5358906,5.666667,547,0.1100581130801813,26,37,17,1
333,4.1979218,4.5358906,5.666667,547,0.1100581130801813,4.2418904,4.480027,5.735185,548,0.1102688314147082,26,37,17,1
334,4.2418904,4.480027,5.735185,548,0.1102688314147082,4.272297,4.4248204,5.8129625,549,0.1092736200186123,26,37,17,1
335,4.272297,4.4248204,5.8129625,549,0.1092736200186123,4.3282967,4.377488,5.9074073,550,0.1257543037674179,26,37,17,1
336,4.3282967,4.377488,5.9074073,550,0.1257543037674179,4.4098907,4.3658123,6.0129633,25,0.1320305348472981,26,37,17,1
337,4.4098907,4.3658123,6.0129633,25,0.1320305348472981,4.477922,4.415004,6.1148148,663,0.1170715617550255,26,37,17,1
338,4.477922,4.415004,6.1148148,663,0.1170715617550255,4.5358906,4.462336,6.1981483,664,0.1002382514456864,26,37,17,1
339,4.5358906,4.462336,6.1981483,664,0.1002382514456864,4.648,4.494,6.3555555,666,0.1040138742797904,26,37,17,1
340,4.648,4.494,6.3555555,666,0.1040138742797904,4.704,4.5195937,6.444444,667,0.1031220287314863,26,37,17,1
341,4.704,4.5195937,6.444444,667,0.1031220287314863,4.76,4.517625,6.518519,668,0.1244644312737209,26,37,17,1
342,4.76,4.517625,6.518519,668,0.1244644312737209,4.816,4.479781,6.5703707,669,0.1082734748415967,26,37,17,1
343,4.816,4.479781,6.5703707,669,0.1082734748415967,4.872,4.4381094,6.5925927,670,0.0931302720409461,26,37,17,1
344,4.872,4.4381094,6.5925927,670,0.0931302720409461,4.928,4.4097815,6.6,671,0.080732699591232,26,37,17,1
345,4.928,4.4097815,6.6,671,0.080732699591232,4.984,4.365922,6.6,672,0.0788150430437445,26,37,17,1
346,4.984,4.365922,6.6,672,0.0788150430437445,5.04,4.3118906,6.6,673,0.1069165990050096,26,37,17,1
347,5.04,4.3118906,6.6,673,0.1069165990050096,5.096,4.256,6.6,17,0.0989003825961036,26,37,17,1
348,4.032,7.448,3.6,50,0.095219243131368,4.015703,7.392,3.6666667,326,0.1407443250569804,27,50,355,0
349,4.015703,7.392,3.6666667,326,0.1407443250569804,3.9738126,7.336,3.733333,327,0.124598374211057,27,50,355,0
350,3.9738126,7.336,3.733333,327,0.124598374211057,3.92,7.28,3.8,47,0.1138325621052821,27,50,355,0
351,3.92,7.28,3.8,47,0.1138325621052821,3.670625,6.885922,3.8,355,0.1121925998254181,27,50,355,0
352,5.152,7.616,3.6,49,0.1564476289913514,5.096,7.618078,3.6074073,328,0.1361423339899138,28,49,355,2
353,5.096,7.618078,3.6074073,328,0.1361423339899138,5.04,7.630328,3.6296296,329,0.1174302840208032,28,49,355,2
354,5.04,7.630328,3.6296296,329,0.1174302840208032,4.984,7.659859,3.6740742,330,0.1128967607776344,28,49,355,2
355,4.984,7.659859,3.6740742,330,0.1128967607776344,4.928,7.6841407,3.725926,331,0.0976777726233744,28,49,355,2
356,4.928,7.6841407,3.725926,331,0.0976777726233744,4.872,7.7136717,3.7703705,332,0.0907729192053876,28,49,355,2
357,4.872,7.7136717,3.7703705,332,0.0907729192053876,4.816,7.7258124,3.7851853,333,0.1079078344051378,28,49,355,2
358,4.816,7.7258124,3.7851853,333,0.1079078344051378,4.76,7.7257032,3.7703705,334,0.1190316418970617,28,49,355,2
359,4.76,7.7257032,3.7703705,334,0.1190316418970617,4.704,7.7115936,3.7185185,335,0.1382308776374189,28,49,355,2
360,4.704,7.7115936,3.7185185,335,0.1382308776374189,4.648,7.6698127,3.6370368,336,0.1002106467464333,28,49,355,2
361,4.648,7.6698127,3.6370368,336,0.1002106467464333,4.48,7.504,3.2962964,339,0.1438512842145706,28,49,355,2
362,4.48,7.504,3.2962964,339,0.1438512842145706,4.4241095,7.448,3.2148147,340,0.1198735824265556,28,49,355,2
363,4.4241095,7.448,3.2148147,340,0.1198735824265556,4.370078,7.392,3.162963,341,0.120209047044046,28,49,355,2
364,4.370078,7.392,3.162963,341,0.120209047044046,4.3262186,7.336109,3.1407409,342,0.1187890100840421,28,49,355,2
365,4.3262186,7.336109,3.1407409,342,0.1187890100840421,4.2977815,7.2820783,3.125926,343,0.1056868441722019,28,49,355,2
366,4.2977815,7.2820783,3.125926,343,0.1056868441722019,4.253922,7.238219,3.1037037,344,0.0996498750836092,28,49,355,2
367,4.253922,7.238219,3.1037037,344,0.0996498750836092,4.1998906,7.209891,3.0666666,345,0.0952405632099902,28,49,355,2
368,4.1998906,7.209891,3.0666666,345,0.0952405632099902,4.144,7.168,3.0296295,346,0.0919556136347542,28,49,355,2
369,4.144,7.168,3.0296295,346,0.0919556136347542,4.088,7.1261096,3.0074074,347,0.0849222776457237,28,49,355,2
370,4.088,7.1261096,3.0074074,347,0.0849222776457237,4.032,7.097891,3.0,348,0.0875808418545125,28,49,355,2
371,4.032,7.097891,3.0,348,0.0875808418545125,3.976,7.056,3.0074074,349,0.0913701688079882,28,49,355,2
372,3.976,7.056,3.0074074,349,0.0913701688079882,3.92,7.0141096,3.0370371,350,0.0987211796227685,28,49,355,2
373,3.92,7.0141096,3.0370371,350,0.0987211796227685,3.864,6.9858904,3.1111112,351,0.1186961796729355,28,49,355,2
374,3.864,6.9858904,3.1111112,351,0.1186961796729355,3.808,6.9441094,3.237037,352,0.117542705156115,28,49,355,2
375,3.808,6.9441094,3.237037,352,0.117542705156115,3.7522187,6.904297,3.4074073,353,0.0995009912812694,28,49,355,2
376,3.7522187,6.904297,3.4074073,353,0.0995009912812694,3.7002656,6.890078,3.6,354,0.1192081544512601,28,49,355,2
377,3.7002656,6.890078,3.6,354,0.1192081544512601,3.670625,6.885922,3.8,355,0.1121925998254181,28,49,355,2
378,3.670625,6.885922,3.8,355,0.1121925998254181,3.6838593,6.871594,4.0,356,0.1077618334733684,29,355,31,0
379,3.6838593,6.871594,4.0,356,0.1077618334733684,3.6920626,6.8298125,4.2,357,0.0884045646512694,29,355,31,0
380,3.6920626,6.8298125,4.2,357,0.0884045646512694,3.68375,6.775891,4.3925924,358,0.093444041671857,29,355,31,0
381,3.68375,6.775891,4.3925924,358,0.093444041671857,3.668547,6.72,4.5703707,359,0.1184525387660126,29,355,31,0
382,3.668547,6.72,4.5703707,359,0.1184525387660126,3.6860468,6.664,4.725926,360,0.12894583302278,29,355,31,0
383,3.6860468,6.664,4.725926,360,0.12894583302278,3.7104375,6.608,4.874074,361,0.1119692960614613,29,355,31,0
384,3.7104375,6.608,4.874074,361,0.1119692960614613,3.754151,6.552073,5.0296297,362,0.0920243606073296,29,355,31,0
385,3.754151,6.552073,5.0296297,362,0.0920243606073296,3.8095675,6.497458,5.2074075,363,0.1076147531813809,29,355,31,0
386,3.8095675,6.497458,5.2074075,363,0.1076147531813809,3.8748648,6.450865,5.4,364,0.1151302133530227,29,355,31,0
387,3.8748648,6.450865,5.4,364,0.1151302133530227,3.957333,6.4213333,5.6,31,0.1247627435087835,29,355,31,0
388,3.957333,6.4213333,5.6,31,0.1247627435087835,4.0103803,6.338865,5.725926,592,0.1376331308009028,30,31,22,0
389,4.0103803,6.338865,5.725926,592,0.1376331308009028,4.0311613,6.273458,5.837037,593,0.1165714072282479,30,31,22,0
390,4.0311613,6.273458,5.837037,593,0.1165714072282479,4.046073,6.215964,5.922222,594,0.115915248902516,30,31,22,0
391,4.046073,6.215964,5.922222,594,0.115915248902516,4.073781,6.1578126,5.9888887,595,0.0938598244235562,30,31,22,0
392,4.073781,6.1578126,5.9888887,595,0.0938598244235562,4.085922,6.087703,6.044444,596,0.0917351905234481,30,31,22,0
393,4.085922,6.087703,6.044444,596,0.0917351905234481,4.088,5.992,6.1,22,0.0844775246776413,30,31,22,0
394,3.957333,6.4213333,5.6,31,0.1247627435087835,4.026568,6.490568,5.696296,597,0.1050247398696974,31,31,29,1
395,4.026568,6.490568,5.696296,597,0.1050247398696974,4.0871615,6.5512705,5.7629633,598,0.0903636638417213,31,31,29,1
396,4.0871615,6.5512705,5.7629633,598,0.0903636638417213,4.141776,6.6079636,5.7925925,599,0.0732540647911058,31,31,29,1
397,4.141776,6.6079636,5.7925925,599,0.0732540647911058,4.183703,6.664,5.8,600,0.0788037080304116,31,31,29,1
398,4.183703,6.664,5.8,600,0.0788037080304116,4.2141094,6.776,5.8,602,0.1059266070502297,31,31,29,1
399,4.2141094,6.776,5.8,602,0.1059266070502297,4.2418904,6.832,5.7925925,603,0.0884242739069283,31,31,29,1
400,4.2418904,6.832,5.7925925,603,0.0884242739069283,4.256109,6.888,5.7703705,604,0.0974731266959651,31,31,29,1
401,4.256109,6.888,5.7703705,604,0.0974731266959651,4.272297,6.944,5.725926,605,0.1131632691083297,31,31,29,1
402,4.272297,6.944,5.725926,605,0.1131632691083297,4.3141875,7.0,5.666667,606,0.1047598867012518,31,31,29,1
403,4.3141875,7.0,5.666667,606,0.1047598867012518,4.368,7.056,5.6,29,0.08875188756446,31,31,29,1
404,7.354666,5.4133334,4.133333,45,0.0948794393400713,7.285542,5.442865,3.9728394,389,0.0848159250476863,32,45,40,0
405,7.285542,5.442865,3.9728394,389,0.0848159250476863,7.227026,5.489458,3.8617282,390,0.1215898388282358,32,45,40,0
406,7.227026,5.489458,3.8617282,390,0.1215898388282358,7.186521,5.544073,3.8123455,391,0.1325225119802875,32,45,40,0
407,7.186521,5.544073,3.8123455,391,0.1325225119802875,7.1845155,5.6,3.8074074,392,0.1298987814153269,32,45,40,0
408,7.1845155,5.6,3.8074074,392,0.1298987814153269,7.212078,5.656,3.8370368,393,0.1269257968096959,32,45,40,0
409,7.212078,5.656,3.8370368,393,0.1269257968096959,7.238328,5.7118907,3.911111,394,0.1078615802564654,32,45,40,0
410,7.238328,5.7118907,3.911111,394,0.1078615802564654,7.2820783,5.765703,4.037037,395,0.0952543226027228,32,45,40,0
411,7.2820783,5.765703,4.037037,395,0.0952543226027228,7.336109,5.805406,4.2074075,396,0.1010066250914336,32,45,40,0
412,7.336109,5.805406,4.2074075,396,0.1010066250914336,7.392,5.805516,4.4,397,0.1128900379332682,32,45,40,0
413,7.392,5.805516,4.4,397,0.1128900379332682,7.448,5.768,4.6,40,0.1086394604274251,32,45,40,0
414,7.354666,5.4133334,4.133333,45,0.0948794393400713,7.4329796,5.482568,4.2395062,426,0.0684043713091429,33,45,40,0
415,7.4329796,5.482568,4.2395062,426,0.0684043713091429,7.473885,5.5432706,4.31358,427,0.0930378930156986,33,45,40,0
416,7.473885,5.5432706,4.31358,427,0.0930378930156986,7.4720993,5.5999637,4.3679013,428,0.0526239861018054,33,45,40,0
417,7.4720993,5.5999637,4.3679013,428,0.0526239861018054,7.4775314,5.656,4.4296293,429,0.0466201571799583,33,45,40,0
418,7.4775314,5.656,4.4296293,429,0.0466201571799583,7.4601407,5.712,4.5111113,430,0.099251443222244,33,45,40,0
419,7.4601407,5.712,4.5111113,430,0.099251443222244,7.448,5.768,4.6,40,0.1086394604274251,33,45,40,0
420,6.682667,3.783111,4.4666667,41,0.0702932815911628,6.573729,3.6675382,4.5308642,457,0.1041601559028134,34,41,35,1
421,6.573729,3.6675382,4.5308642,457,0.1041601559028134,6.4989166,3.6038094,4.582716,458,0.096220501852426,34,41,35,1
422,6.4989166,3.6038094,4.582716,458,0.096220501852426,6.4401455,3.5862482,4.6246915,459,0.1061802177901681,34,41,35,1
423,6.4401455,3.5862482,4.6246915,459,0.1061802177901681,6.384,3.5819218,4.6814814,460,0.123808837440909,34,41,35,1
424,6.384,3.5819218,4.6814814,460,0.123808837440909,6.328,3.567703,4.7629633,461,0.1096312729450464,34,41,35,1
425,6.328,3.567703,4.7629633,461,0.1096312729450464,6.2721095,3.528,4.8814816,462,0.122788134369824,34,41,35,1
426,6.2721095,3.528,4.8814816,462,0.122788134369824,6.2181873,3.488297,5.0296297,463,0.1024084751531193,34,41,35,1
427,6.2181873,3.488297,5.0296297,463,0.1024084751531193,6.1764064,3.4741876,5.2074075,464,0.1073442534899804,34,41,35,1
428,6.1764064,3.4741876,5.2074075,464,0.1073442534899804,6.162078,3.4721093,5.4,465,0.1086671913183786,34,41,35,1
429,6.162078,3.4721093,5.4,465,0.1086671913183786,6.1580315,3.4721093,5.6,466,0.1076552791200924,34,41,35,1
430,6.1580315,3.4721093,5.6,466,0.1076552791200924,6.1458907,3.4741876,5.8,467,0.113943455445873,34,41,35,1
431,6.1458907,3.4741876,5.8,467,0.113943455445873,6.120406,3.4884062,5.992593,468,0.1215767617960676,34,41,35,1
432,6.120406,3.4884062,5.992593,468,0.1215767617960676,6.122484,3.5301876,6.162963,469,0.1440484640644244,34,41,35,1
433,6.122484,3.5301876,6.162963,469,0.1440484640644244,6.162297,3.584,6.296296,470,0.125626842168284,34,41,35,1
434,6.162297,3.584,6.296296,470,0.125626842168284,6.2161093,3.6379218,6.3851852,471,0.1067329267123059,34,41,35,1
435,6.2161093,3.6379218,6.3851852,471,0.1067329267123059,6.272,3.6817813,6.437037,472,0.0909054474678147,34,41,35,1
436,6.272,3.6817813,6.437037,472,0.0909054474678147,6.328,3.7101095,6.451852,473,0.0945246730929317,34,41,35,1
437,6.328,3.7101095,6.451852,473,0.0945246730929317,6.384,3.7518907,6.437037,474,0.0817940156403623,34,41,35,1
438,6.384,3.7518907,6.437037,474,0.0817940156403623,6.44,3.7918124,6.3925924,475,0.0948372235450619,34,41,35,1
439,6.44,3.7918124,6.3925924,475,0.0948372235450619,6.496,3.8077812,6.333333,476,0.1255845051826512,34,41,35,1
440,6.496,3.8077812,6.333333,476,0.1255845051826512,6.608,3.8355625,6.2,478,0.1467693619386735,34,41,35,1
441,6.608,3.8355625,6.2,478,0.1467693619386735,6.664,3.8201406,6.133333,479,0.1473878100344587,34,41,35,1
442,6.664,3.8201406,6.133333,479,0.1473878100344587,6.72,3.8099687,6.0740743,480,0.1374202482446115,34,41,35,1
443,6.72,3.8099687,6.0740743,480,0.1374202482446115,6.776,3.8081093,6.0296297,481,0.1277581356488243,34,41,35,1
444,6.776,3.8081093,6.0296297,481,0.1277581356488243,6.832,3.808,6.007407,482,0.1158314393665636,34,41,35,1
445,6.832,3.808,6.007407,482,0.1158314393665636,6.888,3.8081093,5.992593,483,0.1029148619758203,34,41,35,1
446,6.888,3.8081093,5.992593,483,0.1029148619758203,6.944,3.8100781,5.962963,484,0.0902982281315331,34,41,35,1
447,6.944,3.8100781,5.962963,484,0.0902982281315331,7.0,3.822328,5.888889,485,0.1189472909582967,34,41,35,1
448,7.0,3.822328,5.888889,485,0.1189472909582967,7.056,3.8519688,5.7629633,486,0.0746014672794916,34,41,35,1
449,7.056,3.8519688,5.7629633,486,0.0746014672794916,7.112,3.8782187,5.5925927,487,0.0493908534963824,34,41,35,1
450,7.112,3.8782187,5.5925927,487,0.0493908534963824,7.168,3.92,5.4,35,0.0564160373923185,34,41,35,1
451,6.682667,3.783111,4.4666667,41,0.0702932815911628,6.804838,3.7752726,4.6271605,488,0.1029464690480835,35,41,35,0
452,6.804838,3.7752726,4.6271605,488,0.1029464690480835,6.884354,3.7970748,4.745679,489,0.1135622270907374,35,41,35,0
453,6.884354,3.7970748,4.745679,489,0.1135622270907374,6.9438176,3.8202014,4.8246913,490,0.0957433543472995,35,41,35,0
454,6.9438176,3.8202014,4.8246913,490,0.0957433543472995,7.0,3.8497813,4.911111,491,0.1214520984079869,35,41,35,0
455,7.0,3.8497813,4.911111,491,0.1214520984079869,7.056,3.8641093,5.037037,492,0.1112798893970821,35,41,35,0
456,7.056,3.8641093,5.037037,492,0.1112798893970821,7.112,3.8801875,5.2074075,493,0.0530939177404667,35,41,35,0
457,7.112,3.8801875,5.2074075,493,0.0530939177404667,7.168,3.92,5.4,35,0.0564160373923185,35,41,35,0
458,7.448,5.768,4.6,40,0.1086394604274251,7.503271,5.7928643,4.8246913,494,0.0949975377494799,36,40,34,0
459,7.503271,5.7928643,4.8246913,494,0.0949975377494799,7.5545673,5.77449,5.0691357,495,0.1242047484962355,36,40,34,0
460,7.5545673,5.77449,5.0691357,495,0.1242047484962355,7.5973334,5.7493334,5.333333,34,0.1332972264203565,36,40,34,0
461,6.048,3.64,4.2,46,0.1162820949347848,5.992,3.6379218,4.2,398,0.1142304457160515,37,46,18,2
462,5.992,3.6379218,4.2,398,0.1142304457160515,5.936,3.6257813,4.2,399,0.1201983214827502,37,46,18,2
463,5.936,3.6257813,4.2,399,0.1201983214827502,5.88,3.5982187,4.2074075,400,0.1246199140817211,37,46,18,2
464,5.88,3.5982187,4.2074075,400,0.1246199140817211,5.824,3.5861876,4.2296295,401,0.1296403772766174,37,46,18,2
465,5.824,3.5861876,4.2296295,401,0.1296403772766174,5.768,3.5861876,4.274074,402,0.1375268628457216,37,46,18,2
466,5.768,3.5861876,4.274074,402,0.1375268628457216,5.712,3.5982187,4.325926,403,0.1100419343827966,37,46,18,2
467,5.712,3.5982187,4.325926,403,0.1100419343827966,5.656,3.6257813,4.3703704,404,0.1067890509005963,37,46,18,2
468,5.656,3.6257813,4.3703704,404,0.1067890509005963,5.6,3.6379218,4.3925924,405,0.1119077157805197,37,46,18,2
469,5.6,3.6379218,4.3925924,405,0.1119077157805197,5.544,3.6398907,4.4,406,0.1165422259608117,37,46,18,2
470,5.544,3.6398907,4.4,406,0.1165422259608117,5.432,3.6420782,4.4,408,0.0861676099694809,37,46,18,2
471,5.432,3.6420782,4.4,408,0.0861676099694809,5.376,3.6542187,4.4074073,409,0.0885011148973548,37,46,18,2
472,5.376,3.6542187,4.4074073,409,0.0885011148973548,5.32,3.6817813,4.437037,410,0.1087615556376076,37,46,18,2
473,5.32,3.6817813,4.437037,410,0.1087615556376076,5.264,3.6939218,4.5111113,411,0.1180623657248235,37,46,18,2
474,5.264,3.6939218,4.5111113,411,0.1180623657248235,5.2082186,3.6958907,4.637037,412,0.0749722720431728,37,46,18,2
475,5.2082186,3.6958907,4.637037,412,0.0749722720431728,5.156375,3.696,4.8074074,413,0.0728701034704593,37,46,18,2
476,5.156375,3.696,4.8074074,413,0.0728701034704593,5.1288123,3.696,5.0,414,0.1022077916143331,37,46,18,2
477,5.1288123,3.696,5.0,414,0.1022077916143331,5.156375,3.6961093,5.2,415,0.1129831969841596,37,46,18,2
478,5.156375,3.6961093,5.2,415,0.1129831969841596,5.2082186,3.6981876,5.4,416,0.1152856380562932,37,46,18,2
479,5.2082186,3.6981876,5.4,416,0.1152856380562932,5.264,3.712297,5.6,417,0.1155346924867605,37,46,18,2
480,5.264,3.712297,5.6,417,0.1155346924867605,5.376,3.7918124,5.992593,419,0.1068919939604565,37,46,18,2
481,5.376,3.7918124,5.992593,419,0.1068919939604565,5.432,3.808,6.1703706,420,0.1063970036783088,37,46,18,2
482,5.432,3.808,6.1703706,420,0.1063970036783088,5.488,3.824297,6.3185186,421,0.118673282351185,37,46,18,2
483,5.488,3.824297,6.3185186,421,0.118673282351185,5.5438905,3.8661876,6.437037,422,0.116865206653131,37,46,18,2
484,5.5438905,3.8661876,6.437037,422,0.116865206653131,5.5978127,3.9201093,6.518519,423,0.1230843228901286,37,46,18,2
485,5.5978127,3.9201093,6.518519,423,0.1230843228901286,5.6395936,3.976,6.5703707,424,0.0960683138502833,37,46,18,2
486,5.6395936,3.976,6.5703707,424,0.0960683138502833,5.6538124,4.032,6.5925927,425,0.1021227222137496,37,46,18,2
487,5.6538124,4.032,6.5925927,425,0.1021227222137496,5.656,4.088,6.6,18,0.1070635928090211,37,46,18,2
488,5.656,4.088,6.6,18,0.1070635928090211,5.712,4.1298904,6.7629633,775,0.0854741573527779,38,18,9,0
489,5.712,4.1298904,6.7629633,775,0.0854741573527779,5.768,4.158109,6.8888893,776,0.0872239201940428,38,18,9,0
490,5.768,4.158109,6.8888893,776,0.0872239201940428,5.824,4.2,6.962963,777,0.0700963788895462,38,18,9,0
491,5.824,4.2,6.962963,777,0.0700963788895462,5.88,4.241781,6.992593,778,0.0673817253966337,38,18,9,0
492,5.88,4.241781,6.992593,778,0.0673817253966337,5.936036,4.268177,7.0,779,0.0771075220651416,38,18,9,0
493,5.936036,4.268177,7.0,779,0.0771075220651416,5.992729,4.3005886,7.0,780,0.0916054333097232,38,18,9,0
494,5.992729,4.3005886,7.0,780,0.0916054333097232,6.053432,4.3316507,7.0,781,0.1095489174022196,38,18,9,0
495,6.053432,4.3316507,7.0,781,0.1095489174022196,6.122667,4.386667,7.0,9,0.117505480348065,38,18,9,0
496,5.656,4.088,6.6,18,0.1070635928090211,5.6,4.143891,6.703704,782,0.121121514872773,39,18,10,0
497,5.6,4.143891,6.703704,782,0.121121514872773,5.544,4.1979218,6.7925925,783,0.067450867493282,39,18,10,0
498,5.544,4.1979218,6.7925925,783,0.067450867493282,5.487927,4.2418175,6.8641977,784,0.0825390077058616,39,18,10,0
499,5.487927,4.2418175,6.8641977,784,0.0825390077058616,5.430542,4.270948,6.9135804,785,0.1070494165748058,39,18,10,0
500,5.430542,4.270948,6.9135804,785,0.1070494165748058,5.365135,4.31951,6.9358025,786,0.1071327938495658,39,18,10,0
501,5.365135,4.31951,6.9358025,786,0.1071327938495658,5.2826667,4.386667,6.9333334,10,0.1066607158704716,39,18,10,0
502,5.096,4.256,6.6,17,0.0989003825961036,5.1527295,4.2986197,6.720988,787,0.1155014446544209,40,17,10,0
503,5.1527295,4.2986197,6.720988,787,0.1155014446544209,5.213432,4.3315415,6.832099,788,0.1223093673316349,40,17,10,0
504,5.213432,4.3315415,6.832099,788,0.1223093673316349,5.2826667,4.386667,6.9333334,10,0.1066607158704716,40,17,10,0
505,5.768,7.56,4.4,42,0.1107742860927832,5.7066045,7.5653963,4.560494,456,0.1166192064349427,41,42,39,0
506,5.7066045,7.5653963,4.560494,456,0.1166192064349427,5.6373334,7.578666,4.733333,39,0.1427332181172388,41,42,39,0
507,5.6373334,7.578666,4.733333,39,0.1427332181172388,5.706568,7.5256205,4.9580245,496,0.1024379575760492,42,39,33,1
508,5.706568,7.5256205,4.9580245,496,0.1024379575760492,5.7672706,7.5048385,5.150617,497,0.0943598544936767,42,39,33,1
509,5.7672706,7.5048385,5.150617,497,0.0943598544936767,5.8239636,7.4899273,5.28642,498,0.1109752048926056,42,39,33,1
510,5.8239636,7.4899273,5.28642,498,0.1109752048926056,5.88,7.4621096,5.362963,499,0.0867724416136789,42,39,33,1
511,5.88,7.4621096,5.362963,499,0.0867724416136789,5.936,7.448,5.3925924,500,0.096805636828955,42,39,33,1
512,5.936,7.448,5.3925924,500,0.096805636828955,5.992,7.433781,5.4,501,0.1144976350501744,42,39,33,1
513,5.992,7.433781,5.4,501,0.1144976350501744,6.048,7.4041405,5.4,502,0.1237506745453096,42,39,33,1
514,6.048,7.4041405,5.4,502,0.1237506745453096,6.104,7.3798594,5.4,503,0.1215512379600724,42,39,33,1
515,6.104,7.3798594,5.4,503,0.1215512379600724,6.16,7.350219,5.4,504,0.1225831033885266,42,39,33,1
516,6.16,7.350219,5.4,504,0.1225831033885266,6.272,7.319703,5.4,506,0.1043313359415481,42,39,33,1
517,6.272,7.319703,5.4,506,0.1043313359415481,6.328,7.2778125,5.4,507,0.0845656151265677,42,39,33,1
518,6.328,7.2778125,5.4,507,0.0845656151265677,6.384,7.224,5.4,33,0.0548723938377168,42,39,33,1
519,5.6373334,7.578666,4.733333,39,0.1427332181172388,5.554865,7.605136,4.861728,508,0.1386902144086681,43,39,29,0
520,5.554865,7.605136,4.861728,508,0.1386902144086681,5.489458,7.6146507,4.9506173,509,0.115777647938007,43,39,29,0
521,5.489458,7.6146507,4.9506173,509,0.115777647938007,5.432073,7.6180053,4.9901233,510,0.0967910383230378,43,39,29,0
522,5.432073,7.6180053,4.9901233,510,0.0967910383230378,5.376,7.630219,5.0,511,0.0675544960572805,43,39,29,0
523,5.376,7.630219,5.0,511,0.0675544960572805,5.32,7.657781,5.0,512,0.0546952227680276,43,39,29,0
524,5.32,7.657781,5.0,512,0.0546952227680276,5.264,7.669922,5.0,513,0.0632972346703415,43,39,29,0
525,5.264,7.669922,5.0,513,0.0632972346703415,5.208,7.671781,5.0,514,0.0643791109853219,43,39,29,0
526,5.208,7.671781,5.0,514,0.0643791109853219,5.152,7.669922,5.0,515,0.0812766406153143,43,39,29,0
527,5.152,7.669922,5.0,515,0.0812766406153143,5.096,7.657781,4.992593,516,0.1023278367555548,43,39,29,0
528,5.096,7.657781,4.992593,516,0.1023278367555548,5.04,7.630219,4.9703703,517,0.1184588545847966,43,39,29,0
529,5.04,7.630219,4.9703703,517,0.1184588545847966,4.984,7.618078,4.9259257,518,0.1205399931712851,43,39,29,0
530,4.984,7.618078,4.9259257,518,0.1205399931712851,4.928,7.6161094,4.866667,519,0.1284078686312039,43,39,29,0
531,4.928,7.6161094,4.866667,519,0.1284078686312039,4.872,7.616,4.8,520,0.114255312643137,43,39,29,0
532,4.872,7.616,4.8,520,0.114255312643137,4.816,7.6158905,4.740741,521,0.1215463404873153,43,39,29,0
533,4.816,7.6158905,4.740741,521,0.1215463404873153,4.76,7.6139216,4.703704,522,0.1331391973809685,43,39,29,0
534,4.76,7.6139216,4.703704,522,0.1331391973809685,4.704,7.6017814,4.696296,523,0.129158751272457,43,39,29,0
535,4.704,7.6017814,4.696296,523,0.129158751272457,4.648,7.5742188,4.703704,524,0.1061631470381094,43,39,29,0
536,4.648,7.5742188,4.703704,524,0.1061631470381094,4.592,7.562078,4.696296,525,0.0953566812208794,43,39,29,0
537,4.592,7.562078,4.696296,525,0.0953566812208794,4.536,7.56,4.666667,526,0.097453710724693,43,39,29,0
538,4.536,7.56,4.666667,526,0.097453710724693,4.48,7.557922,4.6296296,527,0.1126970643099862,43,39,29,0
539,4.48,7.557922,4.6296296,527,0.1126970643099862,4.424,7.545672,4.6074076,528,0.1065081154351734,43,39,29,0
540,4.424,7.545672,4.6074076,528,0.1065081154351734,4.368,7.5160313,4.6074076,529,0.0909870721051875,43,39,29,0
541,4.368,7.5160313,4.6074076,529,0.0909870721051875,4.312,7.4896717,4.6296296,530,0.100473235489974,43,39,29,0
542,4.312,7.4896717,4.6296296,530,0.100473235489974,4.256219,7.445922,4.6814814,531,0.1153764252555769,43,39,29,0
543,4.256219,7.445922,4.6814814,531,0.1153764252555769,4.2042656,7.3918905,4.7555556,532,0.1122238117236233,43,39,29,0
544,4.2042656,7.3918905,4.7555556,532,0.1122238117236233,4.1747346,7.336,4.851852,533,0.1407236799452708,43,39,29,0
545,4.1747346,7.336,4.851852,533,0.1407236799452708,4.1901565,7.28,4.955556,534,0.1283515029536854,43,39,29,0
546,4.1901565,7.28,4.955556,534,0.1283515029536854,4.2144375,7.224,5.0814815,535,0.121847848878602,43,39,29,0
547,4.2144375,7.224,5.0814815,535,0.121847848878602,4.258078,7.168,5.2296295,536,0.1065635483808299,43,39,29,0
548,4.258078,7.168,5.2296295,536,0.1065635483808299,4.3121095,7.112,5.4074073,537,0.1225400699748665,43,39,29,0
549,4.3121095,7.112,5.4074073,537,0.1225400699748665,4.368,7.056,5.6,29,0.08875188756446,43,39,29,0
550,7.168,3.92,5.4,35,0.0564160373923185,7.224,3.976,5.437037,567,0.0941795599513507,44,35,27,0
551,7.224,3.976,5.437037,567,0.0941795599513507,7.2798905,4.032,5.4962964,568,0.1077768603675021,44,35,27,0
552,7.2798905,4.032,5.4962964,568,0.1077768603675021,7.333922,4.088,5.577778,569,0.1045327612879362,44,35,27,0
553,7.333922,4.088,5.577778,569,0.1045327612879362,7.3776717,4.1441092,5.653333,570,0.1134759640510822,44,35,27,0
554,7.3776717,4.1441092,5.653333,570,0.1134759640510822,7.4040313,4.2021875,5.7185183,571,0.1364643497952901,44,35,27,0
555,7.4040313,4.2021875,5.7185183,571,0.1364643497952901,7.433781,4.272297,5.776296,572,0.1251687335718602,44,35,27,0
556,7.433781,4.272297,5.776296,572,0.1251687335718602,7.448,4.368,5.84,27,0.0981429761122335,44,35,27,0
557,7.5973334,5.7493334,5.333333,34,0.1332972264203565,7.610567,5.666865,5.432099,577,0.1169624853937224,45,34,24,0
558,7.610567,5.666865,5.432099,577,0.1169624853937224,7.615271,5.601458,5.5135803,578,0.1186707741679277,45,34,24,0
559,7.615271,5.601458,5.5135803,578,0.1186707741679277,7.6159635,5.544073,5.567901,579,0.1141373694903959,45,34,24,0
560,7.6159635,5.544073,5.567901,579,0.1141373694903959,7.616,5.488,5.5925927,580,0.107819591840698,45,34,24,0
561,7.616,5.488,5.5925927,580,0.107819591840698,7.616,5.432,5.6074076,581,0.1109067111746369,45,34,24,0
562,7.616,5.432,5.6074076,581,0.1109067111746369,7.6161094,5.376,5.6296296,582,0.1149082961031144,45,34,24,0
563,7.6161094,5.376,5.6296296,582,0.1149082961031144,7.618078,5.32,5.674074,583,0.1268873715932054,45,34,24,0
564,7.618078,5.32,5.674074,583,0.1268873715932054,7.6301093,5.264,5.725926,584,0.1254172217508775,45,34,24,0
565,7.6301093,5.264,5.725926,584,0.1254172217508775,7.655703,5.208,5.7777777,585,0.0957429318145013,45,34,24,0
566,7.655703,5.208,5.7777777,585,0.0957429318145013,7.655594,5.152,5.822222,586,0.0947399785007112,45,34,24,0
567,7.655594,5.152,5.822222,586,0.0947399785007112,7.6280313,5.096,5.8814816,587,0.1225736742904007,45,34,24,0
568,7.6280313,5.096,5.8814816,587,0.1225736742904007,7.60375,5.04,5.955556,588,0.1157882637156982,45,34,24,0
569,7.60375,5.04,5.955556,588,0.1157882637156982,7.5721407,4.984,6.044444,589,0.1232166492435335,45,34,24,0
570,7.5721407,4.984,6.044444,589,0.1232166492435335,7.545781,4.928,6.125926,590,0.1282509016934425,45,34,24,0
571,7.545781,4.928,6.125926,590,0.1282509016934425,7.504,4.872,6.2,24,0.0993344992825464,45,34,24,0
572,7.5973334,5.7493334,5.333333,34,0.1332972264203565,7.5384164,5.802417,5.683457,591,0.0718421004246163,46,34,23,0
573,7.5384164,5.802417,5.683457,591,0.0718421004246163,7.448,5.824,6.04,23,0.0630074744205605,46,34,23,0
574,4.368,7.056,5.6,29,0.08875188756446,4.425458,7.109083,5.6419754,610,0.0959424943346277,47,29,28,0
575,4.425458,7.109083,5.6419754,610,0.0959424943346277,4.4908648,7.146271,5.6641974,611,0.1007383143484272,47,29,28,0
576,4.4908648,7.146271,5.6641974,611,0.1007383143484272,4.5733333,7.149333,5.666667,28,0.0776072298492713,47,29,28,0
577,7.56,4.76,5.0,38,0.0819002503400956,7.56,4.704,5.007407,538,0.1129628869629496,48,38,27,0
578,7.56,4.704,5.007407,538,0.1129628869629496,7.5598907,4.648,5.0296297,539,0.1176863582856722,48,38,27,0
579,7.5598907,4.648,5.0296297,539,0.1176863582856722,7.557922,4.592,5.0814815,540,0.1117683365246718,48,38,27,0
580,7.557922,4.592,5.0814815,540,0.1117683365246718,7.545672,4.536,5.171852,541,0.1073907917916945,48,38,27,0
581,7.545672,4.536,5.171852,541,0.1073907917916945,7.5160313,4.48,5.3259263,542,0.1166298801285514,48,38,27,0
582,7.5160313,4.48,5.3259263,542,0.1166298801285514,7.4897814,4.424,5.5540743,543,0.0746323287933335,48,38,27,0
583,7.4897814,4.424,5.5540743,543,0.0746323287933335,7.448,4.368,5.84,27,0.0981429761122335,48,38,27,0
584,7.448,4.368,5.84,27,0.0981429761122335,7.352297,4.353781,6.042963,674,0.0714332568858938,49,27,11,1
585,7.352297,4.353781,6.042963,674,0.0714332568858938,7.2821875,4.3241405,6.2074075,675,0.0713671945001226,49,27,11,1
586,7.2821875,4.3241405,6.2074075,675,0.0713671945001226,7.224109,4.2998595,6.32,676,0.1173775032133704,49,27,11,1
587,7.224109,4.2998595,6.32,676,0.1173775032133704,7.168,4.270219,6.4,677,0.1162147689118775,49,27,11,1
588,7.168,4.270219,6.4,677,0.1162147689118775,7.112,4.255891,6.466666,678,0.1221207707577397,49,27,11,1
589,7.112,4.255891,6.466666,678,0.1221207707577397,7.056,4.2398124,6.533334,679,0.1144347246199598,49,27,11,1
590,7.056,4.2398124,6.533334,679,0.1144347246199598,6.944,4.160406,6.6666665,681,0.1058595866513614,49,27,11,1
591,6.944,4.160406,6.6666665,681,0.1058595866513614,6.888,4.148375,6.7259264,682,0.1165581799101004,49,27,11,1
592,6.888,4.148375,6.7259264,682,0.1165581799101004,6.832,4.160406,6.7777777,683,0.087400601629558,49,27,11,1
593,6.832,4.160406,6.7777777,683,0.087400601629558,6.776,4.2001095,6.822222,684,0.0781944106428954,49,27,11,1
594,6.776,4.2001095,6.822222,684,0.0781944106428954,6.72,4.2418904,6.874074,685,0.0897582207770714,49,27,11,1
595,6.72,4.2418904,6.874074,685,0.0897582207770714,6.664,4.270219,6.925926,686,0.0863382524321035,49,27,11,1
596,6.664,4.270219,6.925926,686,0.0863382524321035,6.608,4.3140783,6.9703703,687,0.0683502424085138,49,27,11,1
597,6.608,4.3140783,6.9703703,687,0.0683502424085138,6.552,4.368,7.0,11,0.1056167317429763,49,27,11,1
598,7.448,4.368,5.84,27,0.0981429761122335,7.4501877,4.463703,6.0133333,688,0.0782550752479008,50,27,24,0
599,7.4501877,4.463703,6.0133333,688,0.0782550752479008,7.464297,4.5338125,6.133333,689,0.0914311618553126,50,27,24,0
600,7.464297,4.5338125,6.133333,689,0.0914311618553126,7.504,4.591891,6.1792593,690,0.0626244075150184,50,27,24,0
601,7.504,4.591891,6.1792593,690,0.0626244075150184,7.543703,4.648,6.1703706,691,0.0608758262583442,50,27,24,0
602,7.543703,4.648,6.1703706,691,0.0608758262583442,7.557703,4.704,6.133333,692,0.08104607735895,50,27,24,0
603,7.557703,4.704,6.133333,692,0.08104607735895,7.557703,4.76,6.111111,693,0.0989887460785026,50,27,24,0
604,7.557703,4.76,6.111111,693,0.0989887460785026,7.543703,4.816,6.133333,694,0.0942187729355946,50,27,24,0
605,7.543703,4.816,6.133333,694,0.0942187729355946,7.504,4.872,6.2,24,0.0993344992825464,50,27,24,0
606,7.149333,6.514667,5.133333,36,0.068887019688702,7.2184577,6.445432,5.172839,551,0.0903622499883334,51,36,23,1
607,7.2184577,6.445432,5.172839,551,0.0903622499883334,7.2770834,6.3847294,5.2246914,552,0.1140098267460916,51,36,23,1
608,7.2770834,6.3847294,5.2246914,552,0.1140098267460916,7.3196664,6.3280363,5.3012342,553,0.1244431725442929,51,36,23,1
609,7.3196664,6.3280363,5.3012342,553,0.1244431725442929,7.335891,6.272,5.4074073,554,0.1116829585057808,51,36,23,1
610,7.335891,6.272,5.4074073,554,0.1116829585057808,7.3501096,6.216,5.5259256,555,0.1169565003701354,51,36,23,1
611,7.3501096,6.216,5.5259256,555,0.1169565003701354,7.3778906,6.16,5.6444445,556,0.0944966964484349,51,36,23,1
612,7.3778906,6.16,5.6444445,556,0.0944966964484349,7.4061093,6.0478907,5.845926,558,0.097989948883581,51,36,23,1
613,7.4061093,6.0478907,5.845926,558,0.097989948883581,7.433781,5.9898124,5.9259257,559,0.1096014641652671,51,36,23,1
614,7.433781,5.9898124,5.9259257,559,0.1096014641652671,7.445922,5.919703,5.991111,560,0.1063839299501615,51,36,23,1
615,7.445922,5.919703,5.991111,560,0.1063839299501615,7.448,5.824,6.04,23,0.0630074744205605,51,36,23,1
616,7.448,5.824,6.04,23,0.0630074744205605,7.4621096,5.7282968,6.1837034,698,0.0797406932843432,52,23,14,0
617,7.4621096,5.7282968,6.1837034,698,0.0797406932843432,7.4896717,5.6581874,6.296296,699,0.097424597428911,52,23,14,0
618,7.4896717,5.6581874,6.296296,699,0.097424597428911,7.4998436,5.6001096,6.3644443,700,0.0434322216412459,52,23,14,0
619,7.4998436,5.6001096,6.3644443,700,0.0434322216412459,7.4895625,5.544,6.4,701,0.0155395901108021,52,23,14,0
620,7.4895625,5.544,6.4,701,0.0155395901108021,7.460031,5.4881096,6.4296293,702,0.0420107719890431,52,23,14,0
621,7.460031,5.4881096,6.4296293,702,0.0420107719890431,7.433672,5.4341874,6.474074,703,0.1037326808553077,52,23,14,0
622,7.433672,5.4341874,6.474074,703,0.1037326808553077,7.3899217,5.3924065,6.533334,704,0.1079708002211046,52,23,14,0
623,7.3899217,5.3924065,6.533334,704,0.1079708002211046,7.335891,5.3781877,6.6074076,705,0.0768385658156744,52,23,14,0
624,7.335891,5.3781877,6.6074076,705,0.0768385658156744,7.28,5.3761096,6.6962957,706,0.1062446714756043,52,23,14,0
625,7.28,5.3761096,6.6962957,706,0.1062446714756043,7.224,5.376,6.8,14,0.0851533460972188,52,23,14,0
626,7.448,5.824,6.04,23,0.0630074744205605,7.3413963,5.858417,6.283457,707,0.1066021357386174,53,23,16,0
627,7.3413963,5.858417,6.283457,707,0.1066021357386174,7.2426662,5.8613334,6.533334,16,0.1087114273637526,53,23,16,0
628,7.504,4.872,6.2,24,0.0993344992825464,7.4478908,4.872,6.3722224,695,0.0911888576688508,54,24,11,3
629,7.4478908,4.872,6.3722224,695,0.0911888576688508,7.3899217,4.8717813,6.5314817,696,0.1017705686154555,54,24,11,3
630,7.3899217,4.8717813,6.5314817,696,0.1017705686154555,7.321781,4.8678436,6.677778,697,0.1225978609707334,54,24,11,3
631,7.321781,4.8678436,6.677778,697,0.1225978609707334,7.238219,4.8435626,6.805556,5,0.1206611633771951,54,24,11,3
632,7.238219,4.8435626,6.805556,5,0.1206611633771951,7.1700783,4.7884374,6.9074073,804,0.1080633822952003,54,24,11,3
633,7.1700783,4.7884374,6.9074073,804,0.1080633822952003,7.112109,4.7640467,6.9685187,805,0.0888647733056133,54,24,11,3
634,7.112109,4.7640467,6.9685187,805,0.0888647733056133,7.056,4.7581406,6.9944444,806,0.0990085126354055,54,24,11,3
635,7.056,4.7581406,6.9944444,806,0.0990085126354055,7.0,4.7456717,7.0,807,0.0918362651952866,54,24,11,3
636,7.0,4.7456717,7.0,807,0.0918362651952866,6.944,4.716031,7.0,808,0.0868695026387013,54,24,11,3
637,6.944,4.716031,7.0,808,0.0868695026387013,6.888,4.689672,7.0,809,0.0796433219561861,54,24,11,3
638,6.888,4.689672,7.0,809,0.0796433219561861,6.832,4.6459217,7.0,810,0.0692802669203329,54,24,11,3
639,6.832,4.6459217,7.0,810,0.0692802669203329,6.608,4.424,7.0,814,0.0869971675749282,54,24,11,3
640,6.608,4.424,7.0,814,0.0869971675749282,6.552,4.368,7.0,11,0.1056167317429763,54,24,11,3
641,4.088,5.992,6.1,22,0.0844775246776413,4.127703,5.896297,6.2148147,708,0.0654683142561716,55,22,7,1
642,4.127703,5.896297,6.2148147,708,0.0654683142561716,4.1418123,5.8261876,6.2703705,709,0.0776474302639576,55,22,7,1
643,4.1418123,5.8261876,6.2703705,709,0.0776474302639576,4.143891,5.7681093,6.2629633,710,0.0848569270797203,55,22,7,1
644,4.143891,5.7681093,6.2629633,710,0.0848569270797203,4.144,5.712,6.2296295,711,0.0755099409904316,55,22,7,1
645,4.144,5.712,6.2296295,711,0.0755099409904316,4.1441092,5.656,6.2148147,712,0.0849655851402785,55,22,7,1
646,4.1441092,5.656,6.2148147,712,0.0849655851402785,4.1461873,5.6,6.2296295,713,0.1050988640997039,55,22,7,1
647,4.1461873,5.6,6.2296295,713,0.1050988640997039,4.160297,5.544,6.274074,714,0.1202995001282782,55,22,7,1
648,4.160297,5.544,6.274074,714,0.1202995001282782,4.2001095,5.488,6.325926,715,0.1139093035788244,55,22,7,1
649,4.2001095,5.488,6.325926,715,0.1139093035788244,4.2418904,5.432,6.3703704,716,0.0989727464849556,55,22,7,1
650,4.2418904,5.432,6.3703704,716,0.0989727464849556,4.270219,5.376,6.4,717,0.1107488659562649,55,22,7,1
651,4.270219,5.376,6.4,717,0.1107488659562649,4.3140783,5.32,6.4296293,718,0.1171008738399184,55,22,7,1
652,4.3140783,5.32,6.4296293,718,0.1171008738399184,4.368109,5.264,6.474074,719,0.1326425169570858,55,22,7,1
653,4.368109,5.264,6.474074,719,0.1326425169570858,4.48,5.152109,6.577778,721,0.1155143733903982,55,22,7,1
654,4.48,5.152109,6.577778,721,0.1155143733903982,4.536,5.0980783,6.622222,722,0.1217795475819567,55,22,7,1
655,4.536,5.0980783,6.622222,722,0.1217795475819567,4.592,5.054219,6.6740737,723,0.1301245163412341,55,22,7,1
656,4.592,5.054219,6.6740737,723,0.1301245163412341,4.648,5.025891,6.7259264,724,0.1215662496704901,55,22,7,1
657,4.648,5.025891,6.7259264,724,0.1215662496704901,4.704,4.984,6.7703705,725,0.1145469593865288,55,22,7,1
658,4.704,4.984,6.7703705,725,0.1145469593865288,4.76,4.9421096,6.8,726,0.1033497869595089,55,22,7,1
659,4.76,4.9421096,6.8,726,0.1033497869595089,4.816,4.913891,6.8296294,727,0.0963437963035704,55,22,7,1
660,4.816,4.913891,6.8296294,727,0.0963437963035704,4.872,4.872,6.874074,728,0.1142519148734273,55,22,7,1
661,4.872,4.872,6.874074,728,0.1142519148734273,4.928,4.830219,6.925926,729,0.1040342308624464,55,22,7,1
662,4.928,4.830219,6.925926,729,0.1040342308624464,4.984,4.803969,6.9703703,730,0.0853726140966176,55,22,7,1
663,4.984,4.803969,6.9703703,730,0.0853726140966176,5.04,4.774328,6.992593,731,0.0832442515888454,55,22,7,1
664,5.04,4.774328,6.992593,731,0.0832442515888454,5.096,4.7619686,7.0,732,0.0903301056932098,55,22,7,1
665,5.096,4.7619686,7.0,732,0.0903301056932098,5.152,4.7579217,7.0,733,0.1053992570926142,55,22,7,1
666,5.152,4.7579217,7.0,733,0.1053992570926142,5.208,4.743703,7.0,734,0.1139887277552383,55,22,7,1
667,5.208,4.743703,7.0,734,0.1139887277552383,5.264,4.704,7.0,7,0.1068030592855474,55,22,7,1
668,4.088,5.992,6.1,22,0.0844775246776413,4.183703,6.0318127,6.177778,735,0.1139418203466817,56,22,19,1
669,4.183703,6.0318127,6.177778,735,0.1139418203466817,4.3118906,6.0642967,6.322222,737,0.1286341611416106,56,22,19,1
670,4.3118906,6.0642967,6.322222,737,0.1286341611416106,4.368,6.106078,6.3703704,738,0.112500291816156,56,22,19,1
671,4.368,6.106078,6.3703704,738,0.112500291816156,4.424,6.157922,6.3925924,739,0.0795075907769433,56,22,19,1
672,4.424,6.157922,6.3925924,739,0.0795075907769433,4.48,6.1995935,6.4,740,0.0855283788033336,56,22,19,1
673,4.48,6.1995935,6.4,740,0.0855283788033336,4.536,6.213922,6.4,741,0.0970815426839774,56,22,19,1
674,4.536,6.213922,6.4,741,0.0970815426839774,4.592,6.218078,6.4,742,0.1109280853882658,56,22,19,1
675,4.592,6.218078,6.4,742,0.1109280853882658,4.648,6.232297,6.4,743,0.1279044093978265,56,22,19,1
676,4.648,6.232297,6.4,743,0.1279044093978265,4.704,6.272,6.4,19,0.0936877331705754,56,22,19,1
677,4.5733333,7.149333,5.666667,28,0.0776072298492713,4.642568,7.216489,5.634568,612,0.0999684847906186,57,28,12,3
678,4.642568,7.216489,5.634568,612,0.0999684847906186,4.703271,7.264943,5.6123457,613,0.1094505199517927,57,28,12,3
679,4.703271,7.264943,5.6123457,613,0.1094505199517927,4.7599635,7.292104,5.6024694,614,0.1190179656486756,57,28,12,3
680,4.7599635,7.292104,5.6024694,614,0.1190179656486756,4.816,7.32375,5.6,615,0.1122585586888787,57,28,12,3
681,4.816,7.32375,5.6,615,0.1122585586888787,4.872,7.3481407,5.6,616,0.0967791657719085,57,28,12,3
682,4.872,7.3481407,5.6,616,0.0967791657719085,4.928,7.3776717,5.6,617,0.1016582076793215,57,28,12,3
683,4.928,7.3776717,5.6,617,0.1016582076793215,4.984,7.3899217,5.6,618,0.1083590194449084,57,28,12,3
684,4.984,7.3899217,5.6,618,0.1083590194449084,5.152,7.392,5.6,621,0.0716533880212119,57,28,12,3
685,5.152,7.392,5.6,621,0.0716533880212119,5.208,7.392,5.6074076,622,0.0876991463653937,57,28,12,3
686,5.208,7.392,5.6074076,622,0.0876991463653937,5.264,7.392,5.6296296,623,0.1172622317148121,57,28,12,3
687,5.264,7.392,5.6296296,623,0.1172622317148121,5.32,7.3918905,5.674074,624,0.1325738509580531,57,28,12,3
688,5.32,7.3918905,5.674074,624,0.1325738509580531,5.376,7.3898125,5.725926,625,0.1263581249097855,57,28,12,3
689,5.376,7.3898125,5.725926,625,0.1263581249097855,5.432,7.3757033,5.7777777,626,0.105791254172513,57,28,12,3
690,5.432,7.3757033,5.7777777,626,0.105791254172513,5.488,7.335891,5.822222,627,0.1155570361170206,57,28,12,3
691,5.488,7.335891,5.822222,627,0.1155570361170206,5.544,7.2942185,5.8814816,628,0.1228478023624142,57,28,12,3
692,5.544,7.2942185,5.8814816,628,0.1228478023624142,5.6,7.2678595,5.955556,629,0.1192541114802002,57,28,12,3
693,5.6,7.2678595,5.955556,629,0.1192541114802002,5.656,7.2361407,6.044444,630,0.1288416333086245,57,28,12,3
694,5.656,7.2361407,6.044444,630,0.1288416333086245,5.712,7.209672,6.1185184,631,0.1388573485095107,57,28,12,3
695,5.712,7.209672,6.1185184,631,0.1388573485095107,5.768,7.1659217,6.1703706,632,0.1181699121368205,57,28,12,3
696,5.768,7.1659217,6.1703706,632,0.1181699121368205,5.824,7.111891,6.1925926,633,0.114681601299742,57,28,12,3
697,5.824,7.111891,6.1925926,633,0.114681601299742,5.88,7.0561094,6.2074075,634,0.1109795663592387,57,28,12,3
698,5.88,7.0561094,6.2074075,634,0.1109795663592387,5.936,7.002078,6.2296295,635,0.0951124377763831,57,28,12,3
699,5.936,7.002078,6.2296295,635,0.0951124377763831,5.992,6.9582186,6.274074,636,0.1143481948002568,57,28,12,3
700,5.992,6.9582186,6.274074,636,0.1143481948002568,6.048,6.9297814,6.325926,637,0.1199940536137965,57,28,12,3
701,6.048,6.9297814,6.325926,637,0.1199940536137965,6.104,6.885922,6.3703704,638,0.1169949259369953,57,28,12,3
702,6.104,6.885922,6.3703704,638,0.1169949259369953,6.216,6.778078,6.4296293,640,0.111677072610434,57,28,12,3
703,6.216,6.778078,6.4296293,640,0.111677072610434,6.2718906,6.7342186,6.474074,641,0.1288769193543314,57,28,12,3
704,6.2718906,6.7342186,6.474074,641,0.1288769193543314,6.3258123,6.7057815,6.525926,642,0.1188210109343062,57,28,12,3
705,6.3258123,6.7057815,6.525926,642,0.1188210109343062,6.367703,6.661922,6.577778,643,0.0829536882413493,57,28,12,3
706,6.367703,6.661922,6.577778,643,0.0829536882413493,6.3838906,6.6078906,6.622222,644,0.1003639061007939,57,28,12,3
707,6.3838906,6.6078906,6.622222,644,0.1003639061007939,6.3982186,6.552,6.6740737,645,0.1172964700635536,57,28,12,3
708,6.3982186,6.552,6.6740737,645,0.1172964700635536,6.4279323,6.495927,6.7259264,646,0.1221397531446017,57,28,12,3
709,6.4279323,6.495927,6.7259264,646,0.1221397531446017,6.453599,6.438542,6.7703705,647,0.0958379889810484,57,28,12,3
710,6.453599,6.438542,6.7703705,647,0.0958379889810484,6.492646,6.373135,6.7925925,648,0.0991698260260733,57,28,12,3
711,6.492646,6.373135,6.7925925,648,0.0991698260260733,6.5333333,6.2906666,6.8,12,0.0964458935567806,57,28,12,3
712,4.5733333,7.149333,5.666667,28,0.0776072298492713,4.6403804,7.066865,5.827161,649,0.1038750602722575,58,28,19,1
713,4.6403804,7.066865,5.827161,649,0.1038750602722575,4.6868644,7.001458,5.945679,650,0.112557435552307,58,28,19,1
714,4.6868644,7.001458,5.945679,650,0.112557435552307,4.701776,6.944073,6.017284,651,0.1126105419563831,58,28,19,1
715,4.701776,6.944073,6.017284,651,0.1126105419563831,4.704,6.832,6.125926,653,0.137260863485947,58,28,19,1
716,4.704,6.832,6.125926,653,0.137260863485947,4.704,6.776,6.1703706,654,0.1417929261263953,58,28,19,1
717,4.704,6.776,6.1703706,654,0.1417929261263953,4.704,6.72,6.1925926,655,0.1306672910541041,58,28,19,1
718,4.704,6.72,6.1925926,655,0.1306672910541041,4.703891,6.664,6.2,656,0.1174531194745069,58,28,19,1
719,4.703891,6.664,6.2,656,0.1174531194745069,4.701922,6.608,6.2,657,0.0965596146195793,58,28,19,1
720,4.701922,6.608,6.2,657,0.0965596146195793,4.689891,6.552,6.2074075,658,0.0820361989069358,58,28,19,1
721,4.689891,6.552,6.2074075,658,0.0820361989069358,4.664297,6.496,6.2370367,659,0.0885300821781187,58,28,19,1
722,4.664297,6.496,6.2370367,659,0.0885300821781187,4.664297,6.44,6.296296,660,0.098449645936611,58,28,19,1
723,4.664297,6.44,6.296296,660,0.098449645936611,4.689891,6.384,6.362963,661,0.0612063670677653,58,28,19,1
724,4.689891,6.384,6.362963,661,0.0612063670677653,4.701922,6.328,6.4,662,0.0575160520416684,58,28,19,1
725,4.701922,6.328,6.4,662,0.0575160520416684,4.704,6.272,6.4,19,0.0936877331705754,58,28,19,1
726,6.5333333,6.2906666,6.8,12,0.0964458935567806,6.832,5.992,6.8,13,0.1163587451098165,59,12,13,4
727,6.5333333,6.2906666,6.8,12,0.0964458935567806,6.450865,6.2355413,6.8296294,841,0.0734603585158923,60,12,2,0
728,6.450865,6.2355413,6.8296294,841,0.0734603585158923,6.385458,6.2025104,6.874074,842,0.0936679400988235,60,12,2,0
729,6.385458,6.2025104,6.874074,842,0.0936679400988235,6.3280363,6.157922,6.925926,843,0.0880872110682539,60,12,2,0
730,6.3280363,6.157922,6.925926,843,0.0880872110682539,6.2712708,6.1031613,6.9703703,844,0.0928517388194782,60,12,2,0
731,6.2712708,6.1031613,6.9703703,844,0.0928517388194782,6.210568,6.042568,6.992593,845,0.1097142762444272,60,12,2,0
732,6.210568,6.042568,6.992593,845,0.1097142762444272,6.141333,5.9733334,7.0,2,0.1042821768092784,60,12,2,0
733,4.704,6.272,6.4,19,0.0936877331705754,4.7598906,6.216,6.525926,755,0.1261940366143385,61,19,15,0
734,4.7598906,6.216,6.525926,755,0.1261940366143385,4.813922,6.16,6.637037,756,0.1205366169637823,61,19,15,0
735,4.813922,6.16,6.637037,756,0.1205366169637823,4.8577814,6.104,6.7259264,757,0.1349886307611678,61,19,15,0
736,4.8577814,6.104,6.7259264,757,0.1349886307611678,4.8862185,6.048,6.8,758,0.1229111615969514,61,19,15,0
737,4.8862185,6.048,6.8,758,0.1229111615969514,4.930078,5.992,6.8666663,759,0.1303220043298459,61,19,15,0
738,4.930078,5.992,6.8666663,759,0.1303220043298459,4.9841094,5.936,6.925926,760,0.1284361316872468,61,19,15,0
739,4.9841094,5.936,6.925926,760,0.1284361316872468,5.04,5.88,6.9703703,761,0.0992373664155258,61,19,15,0
740,5.04,5.88,6.9703703,761,0.0992373664155258,5.096,5.8241096,6.992593,762,0.0915600156291812,61,19,15,0
741,5.096,5.8241096,6.992593,762,0.0915600156291812,5.152,5.770078,7.0,763,0.0795116385584475,61,19,15,0
742,5.152,5.770078,7.0,763,0.0795116385584475,5.208,5.7264376,7.0,764,0.099369774474013,61,19,15,0
743,5.208,5.7264376,7.0,764,0.099369774474013,5.264,5.702047,7.0,765,0.1013745570481188,61,19,15,0
744,5.264,5.702047,7.0,765,0.1013745570481188,5.32,5.684656,7.007407,766,0.1051052339296051,61,19,15,0
745,5.32,5.684656,7.007407,766,0.1051052339296051,5.376,5.702047,7.0296297,767,0.1018450803628096,61,19,15,0
746,5.376,5.702047,7.0296297,767,0.1018450803628096,5.432,5.726328,7.0666666,768,0.1103976936973859,61,19,15,0
747,5.432,5.726328,7.0666666,768,0.1103976936973859,5.488,5.768,7.096297,769,0.1163071952872901,61,19,15,0
748,5.488,5.768,7.096297,769,0.1163071952872901,5.5438905,5.8098907,7.103704,770,0.0890585318431619,61,19,15,0
749,5.5438905,5.8098907,7.103704,770,0.0890585318431619,5.597922,5.8382187,7.0888886,771,0.0799345194826549,61,19,15,0
750,5.597922,5.8382187,7.0888886,771,0.0799345194826549,5.6416717,5.882078,7.081481,772,0.0922138355626957,61,19,15,0
751,5.6416717,5.882078,7.081481,772,0.0922138355626957,5.668031,5.9361095,7.096296,773,0.0869316092935862,61,19,15,0
752,5.668031,5.9361095,7.096296,773,0.0869316092935862,5.697781,5.992,7.140741,774,0.0618608404889377,61,19,15,0
753,5.697781,5.992,7.140741,774,0.0618608404889377,5.712,6.048,7.2,1,0.0247480392456054,61,19,15,0
754,5.712,6.048,7.2,1,0.0247480392456054,5.6,6.16,7.2,0,0.0413266453752404,61,19,15,0
755,5.6,6.16,7.2,0,0.0413266453752404,5.5461874,6.216,7.037037,803,0.0924577231492022,61,19,15,0
756,5.5461874,6.216,7.037037,803,0.0924577231492022,5.5044065,6.272,6.911111,802,0.1044869875433728,61,19,15,0
757,5.5044065,6.272,6.911111,802,0.1044869875433728,5.4901876,6.328,6.837037,801,0.1038998310449938,61,19,15,0
758,5.4901876,6.328,6.837037,801,0.1038998310449938,5.4881096,6.384,6.8074074,800,0.1203305168256857,61,19,15,0
759,5.4881096,6.384,6.8074074,800,0.1203305168256857,5.488,6.44,6.7925925,799,0.130481943285064,61,19,15,0
760,5.488,6.44,6.7925925,799,0.130481943285064,5.488,6.496,6.7703705,798,0.126396726156659,61,19,15,0
761,5.488,6.496,6.7703705,798,0.126396726156659,5.488,6.552,6.7259264,797,0.1398553867722703,61,19,15,0
762,5.488,6.552,6.7259264,797,0.1398553867722703,5.488,6.608,6.6666665,796,0.1333926693982789,61,19,15,0
763,5.488,6.608,6.6666665,796,0.1333926693982789,5.488,6.664,6.6,15,0.1227437735624675,61,19,15,0
764,6.552,4.368,7.0,11,0.1056167317429763,6.496,4.368,7.0,851,0.0939066785588882,62,11,9,3
765,6.496,4.368,7.0,851,0.0939066785588882,6.2705417,4.368729,7.0,847,0.0655844432513363,62,11,9,3
766,6.2705417,4.368729,7.0,847,0.0655844432513363,6.2051353,4.373432,7.0,846,0.0888046890068112,62,11,9,3
767,6.2051353,4.373432,7.0,846,0.0888046890068112,6.122667,4.386667,7.0,9,0.117505480348065,62,11,9,3
768,7.224,5.376,6.8,14,0.0851533460972188,7.184297,5.432,6.8,795,0.1016718998462012,63,14,16,0
769,7.184297,5.432,6.8,795,0.1016718998462012,7.1701875,5.488,6.8,794,0.0876579365575563,63,14,16,0
770,7.1701875,5.488,6.8,794,0.0876579365575563,7.1681094,5.544,6.7925925,793,0.0921441095479085,63,14,16,0
771,7.1681094,5.544,6.7925925,793,0.0921441095479085,7.168,5.6,6.7703705,792,0.1051125636516852,63,14,16,0
772,7.168,5.6,6.7703705,792,0.1051125636516852,7.168146,5.656073,6.7234564,791,0.1235386776077612,63,14,16,0
773,7.168146,5.656073,6.7234564,791,0.1235386776077612,7.1709166,5.713458,6.661729,790,0.1189603676484196,63,14,16,0
774,7.1709166,5.713458,6.661729,790,0.1189603676484196,7.1897297,5.778865,6.5950613,789,0.0989051175054341,63,14,16,0
775,7.1897297,5.778865,6.5950613,789,0.0989051175054341,7.2426662,5.8613334,6.533334,16,0.1087114273637526,63,14,16,0
776,7.224,5.376,6.8,14,0.0851533460972188,7.168,5.3201094,6.8666663,815,0.1114523859636561,64,14,6,0
777,7.168,5.3201094,6.8666663,815,0.1114523859636561,7.112,5.2661877,6.925926,816,0.1097657805820507,64,14,6,0
778,7.112,5.2661877,6.925926,816,0.1097657805820507,7.056,5.2244062,6.977778,817,0.0858086525135439,64,14,6,0
779,7.056,5.2244062,6.977778,817,0.0858086525135439,7.0,5.2100782,7.022222,818,0.0786931151242643,64,14,6,0
780,7.0,5.2100782,7.022222,818,0.0786931151242643,6.944,5.2060313,7.0666666,819,0.0923836937678159,64,14,6,0
781,6.944,5.2060313,7.0666666,819,0.0923836937678159,6.888,5.1936717,7.103704,820,0.0958602253934305,64,14,6,0
782,6.888,5.1936717,7.103704,820,0.0958602253934305,6.832,5.164031,7.125926,821,0.0863950753913066,64,14,6,0
783,6.832,5.164031,7.125926,821,0.0863950753913066,6.776,5.137781,7.140741,822,0.0706147016655033,64,14,6,0
784,6.776,5.137781,7.140741,822,0.0706147016655033,6.72,5.096,7.1555557,823,0.0611917508856352,64,14,6,0
785,6.72,5.096,7.1555557,823,0.0611917508856352,6.664109,5.0541096,7.177778,824,0.0563532456918501,64,14,6,0
786,6.664109,5.0541096,7.177778,824,0.0563532456918501,6.6101875,5.025781,7.1851854,825,0.0614960785456548,64,14,6,0
787,6.6101875,5.025781,7.1851854,825,0.0614960785456548,6.568406,4.9819217,7.1703706,826,0.0845534793311035,64,14,6,0
788,6.568406,4.9819217,7.1703706,826,0.0845534793311035,6.5541873,4.927891,7.125926,827,0.1046941838528185,64,14,6,0
789,6.5541873,4.927891,7.125926,827,0.1046941838528185,6.5521092,4.872,7.0666666,828,0.0765528253197787,64,14,6,0
790,6.5521092,4.872,7.0666666,828,0.0765528253197787,6.552,4.816,7.0,6,0.0368797725279827,64,14,6,0
791,7.2426662,5.8613334,6.533334,16,0.1087114273637526,7.1875424,5.930568,6.5358024,752,0.0922892913140916,65,16,20,0
792,7.1875424,5.930568,6.5358024,752,0.0922892913140916,7.1545105,5.9912705,6.5135803,751,0.101833927929279,65,16,20,0
793,7.1545105,5.9912705,6.5135803,751,0.101833927929279,7.109958,6.0479636,6.471605,750,0.0908963565560424,65,16,20,0
794,7.109958,6.0479636,6.471605,750,0.0908963565560424,7.0558906,6.104,6.4296293,749,0.0664907529142732,65,16,20,0
795,7.0558906,6.104,6.4296293,749,0.0664907529142732,7.0,6.16,6.4,20,0.0925652435448151,65,16,20,0
796,5.264,4.704,7.0,7,0.1068030592855474,5.276031,4.648,7.0,855,0.0879345788181454,66,7,10,0
797,5.276031,4.648,7.0,855,0.0879345788181454,5.291599,4.591927,6.997531,854,0.0661093949634564,66,7,10,0
798,5.291599,4.591927,6.997531,854,0.0661093949634564,5.27687,4.5345416,6.987654,853,0.05645943887259,66,7,10,0
799,5.27687,4.5345416,6.987654,853,0.05645943887259,5.271401,4.4691353,6.965432,852,0.0688590821035869,66,7,10,0
800,5.271401,4.4691353,6.965432,852,0.0688590821035869,5.2826667,4.386667,6.9333334,10,0.1066607158704716,66,7,10,0
801,5.264,4.704,7.0,7,0.1068030592855474,5.32,4.7598906,7.007407,859,0.0957143982200741,67,7,2,5
802,5.32,4.7598906,7.007407,859,0.0957143982200741,5.376,4.8138127,7.0296297,860,0.1088678289806277,67,7,2,5
803,5.376,4.8138127,7.0296297,860,0.1088678289806277,5.432,4.8555937,7.074074,861,0.116933671122596,67,7,2,5
804,5.432,4.8555937,7.074074,861,0.116933671122596,5.488,4.8698125,7.125926,862,0.1162805446840311,67,7,2,5
805,5.488,4.8698125,7.125926,862,0.1162805446840311,5.544,4.8718905,7.1703706,863,0.0854355596838752,67,7,2,5
806,5.544,4.8718905,7.1703706,863,0.0854355596838752,5.6,4.872,7.1925926,864,0.0708856477017662,67,7,2,5
807,5.6,4.872,7.1925926,864,0.0708856477017662,5.656,4.8721094,7.2,865,0.0696474568435491,67,7,2,5
808,5.656,4.8721094,7.2,865,0.0696474568435491,5.712,4.8741875,7.2,866,0.068781553063276,67,7,2,5
809,5.712,4.8741875,7.2,866,0.068781553063276,5.768,4.8884063,7.2,867,0.0725461995585547,67,7,2,5
810,5.768,4.8884063,7.2,867,0.0725461995585547,5.824,4.9301877,7.2,868,0.0814430552718563,67,7,2,5
811,5.824,4.9301877,7.2,868,0.0814430552718563,6.1018124,5.208,7.2,873,0.0968827335696019,67,7,2,5
812,6.1018124,5.208,7.2,873,0.0968827335696019,6.143703,5.264,7.2,874,0.0843804202288212,67,7,2,5
813,6.143703,5.264,7.2,874,0.0843804202288212,6.1742187,5.376,7.2,876,0.058343288714531,67,7,2,5
814,6.1742187,5.376,7.2,876,0.058343288714531,6.20375,5.432,7.2,877,0.0407177846362845,67,7,2,5
815,6.20375,5.432,7.2,877,0.0407177846362845,6.2260623,5.488,7.2,878,0.0477751279927266,67,7,2,5
816,6.2260623,5.488,7.2,878,0.0477751279927266,6.243344,5.544,7.2,879,0.059683726898276,67,7,2,5
817,6.243344,5.544,7.2,879,0.059683726898276,6.2260623,5.6,7.2,880,0.0512550668618049,67,7,2,5
818,6.2260623,5.6,7.2,880,0.0512550668618049,6.20375,5.656,7.2,881,0.0611173605391879,67,7,2,5
819,6.20375,5.656,7.2,881,0.0611173605391879,6.1743283,5.712,7.2,882,0.0707423489831926,67,7,2,5
820,6.1743283,5.712,7.2,882,0.0707423489831926,6.1620417,5.768073,7.1925926,883,0.0712880348660144,67,7,2,5
821,6.1620417,5.768073,7.1925926,883,0.0712880348660144,6.15938,5.825458,7.162963,884,0.0688390398932277,67,7,2,5
822,6.15938,5.825458,7.162963,884,0.0688390398932277,6.154568,5.890865,7.096297,885,0.0683352315299569,67,7,2,5
823,6.154568,5.890865,7.096297,885,0.0683352315299569,6.141333,5.9733334,7.0,2,0.1042821768092784,67,7,2,5
824,7.0,6.496,6.2,21,0.0673516214175181,7.001969,6.44,6.2,744,0.1008836786923989,68,21,20,0
825,7.001969,6.44,6.2,744,0.1008836786923989,7.0121408,6.384,6.2074075,745,0.1070247496280921,68,21,20,0
826,7.0121408,6.384,6.2074075,745,0.1070247496280921,7.0275626,6.328,6.2296295,746,0.0941645752981813,68,21,20,0
827,7.0275626,6.328,6.2296295,746,0.0941645752981813,7.0121408,6.272,6.274074,747,0.1211599035905443,68,21,20,0
828,7.0121408,6.272,6.274074,747,0.1211599035905443,7.001969,6.216,6.333333,748,0.1286203954189585,68,21,20,0
829,7.001969,6.216,6.333333,748,0.1286203954189585,7.0,6.16,6.4,20,0.0925652435448151,68,21,20,0
830,7.0,6.16,6.4,20,0.0925652435448151,6.944,6.104,6.562963,753,0.0525327275848438,69,20,13,0
831,6.944,6.104,6.562963,753,0.0525327275848438,6.888,6.048,6.6962967,754,0.1026542463810374,69,20,13,0
832,6.888,6.048,6.6962967,754,0.1026542463810374,6.832,5.992,6.8,13,0.1163587451098165,69,20,13,0
833,6.832,5.992,6.8,13,0.1163587451098165,6.832,5.936,6.8074074,833,0.1099982221207296,70,13,4,0
834,6.832,5.936,6.8074074,833,0.1099982221207296,6.8318906,5.88,6.8296294,834,0.1109303005564251,70,13,4,0
835,6.8318906,5.88,6.8296294,834,0.1109303005564251,6.8298125,5.824,6.874074,835,0.1147960448310748,70,13,4,0
836,6.8298125,5.824,6.874074,835,0.1147960448310748,6.8155937,5.768,6.925926,836,0.1130828573882969,70,13,4,0
837,6.8155937,5.768,6.925926,836,0.1130828573882969,6.7738123,5.712,6.9703703,837,0.0954992236738112,70,13,4,0
838,6.7738123,5.712,6.9703703,837,0.0954992236738112,6.7198906,5.6561093,6.992593,838,0.0927296401069942,70,13,4,0
839,6.7198906,5.6561093,6.992593,838,0.0927296401069942,6.664,5.6021876,7.0,839,0.0799680115993125,70,13,4,0
840,6.664,5.6021876,7.0,839,0.0799680115993125,6.608,5.560297,7.0,840,0.0720716731628965,70,13,4,0
841,6.608,5.560297,7.0,840,0.0720716731628965,6.552,5.544,7.0,4,0.0618607420816087,70,13,4,0
842,6.122667,4.386667,7.0,9,0.117505480348065,6.067651,4.4691353,7.0,856,0.0815791120164853,71,9,8,1
843,6.067651,4.4691353,7.0,856,0.0815791120164853,6.006255,4.591927,7.0,858,0.068659010159392,71,9,8,1
844,6.006255,4.591927,7.0,858,0.068659010159392,5.992,4.648,7.0,8,0.0399914538104985,71,9,8,1
845,6.141333,5.9733334,7.0,2,0.1042821768092784,6.0587916,5.9306045,7.0,886,0.0658473407767318,72,2,3,0
846,6.0587916,5.9306045,7.0,886,0.0658473407767318,5.992,5.88,7.0,3,0.0474643102421455,72,2,3,0
